weekid,adultstandards,albumrock,brillbuildingpop,bubblegumpop,classicrock,contemporarycountry,country,countryroad,dancepop,disco,folkrock,funk,hiphop,hippop,mellowgold,motown,newwavepop,pop,poprap,poprock,post,quietstorm,rap,rock,softrock,soul,urbancontemporary
2015-01-03,0.0,0.0,0.0,0.0,0.0,0.21951219512195122,0.2073170731707317,0.18292682926829268,0.5,0.0,0.0,0.0,0.08536585365853659,0.07317073170731707,0.0,0.0,0.0,0.6219512195121951,0.2804878048780488,0.06097560975609756,0.2926829268292683,0.0,0.12195121951219512,0.0,0.0,0.0,0.0975609756097561
2015-01-10,0.0,0.0,0.0,0.0,0.0,0.21951219512195122,0.2073170731707317,0.1951219512195122,0.5,0.0,0.0,0.0,0.07317073170731707,0.0975609756097561,0.0,0.0,0.0,0.6341463414634146,0.3048780487804878,0.06097560975609756,0.32926829268292684,0.0,0.13414634146341464,0.0,0.0,0.0,0.07317073170731707
2015-01-17,0.0,0.0,0.0,0.0,0.0,0.2261904761904762,0.21428571428571427,0.20238095238095238,0.4642857142857143,0.0,0.0,0.0,0.07142857142857142,0.10714285714285714,0.0,0.0,0.0,0.6309523809523809,0.27380952380952384,0.05952380952380952,0.32142857142857145,0.0,0.13095238095238096,0.0,0.0,0.0,0.07142857142857142
2015-01-24,0.0,0.0,0.0,0.0,0.0,0.2823529411764706,0.24705882352941178,0.24705882352941178,0.4117647058823529,0.0,0.0,0.0,0.08235294117647059,0.08235294117647059,0.0,0.0,0.0,0.5764705882352941,0.23529411764705882,0.047058823529411764,0.23529411764705882,0.0,0.11764705882352941,0.0,0.0,0.0,0.058823529411764705
2015-01-31,0.0,0.0,0.0,0.0,0.0,0.2441860465116279,0.20930232558139536,0.20930232558139536,0.45348837209302323,0.0,0.0,0.0,0.09302325581395349,0.09302325581395349,0.0,0.0,0.0,0.6162790697674418,0.27906976744186046,0.046511627906976744,0.23255813953488372,0.0,0.1511627906976744,0.0,0.0,0.0,0.06976744186046512
2015-02-07,0.0,0.0,0.0,0.0,0.0,0.26744186046511625,0.23255813953488372,0.23255813953488372,0.4186046511627907,0.0,0.0,0.0,0.09302325581395349,0.08139534883720931,0.0,0.0,0.0,0.6046511627906976,0.2558139534883721,0.06976744186046512,0.23255813953488372,0.0,0.13953488372093023,0.0,0.0,0.0,0.046511627906976744
2015-02-14,0.0,0.0,0.0,0.0,0.0,0.26436781609195403,0.22988505747126436,0.22988505747126436,0.40229885057471265,0.0,0.0,0.0,0.08045977011494253,0.08045977011494253,0.0,0.0,0.0,0.5862068965517241,0.25287356321839083,0.06896551724137931,0.2413793103448276,0.0,0.16091954022988506,0.0,0.0,0.0,0.04597701149425287
2015-02-21,0.0,0.0,0.0,0.0,0.0,0.24705882352941178,0.21176470588235294,0.21176470588235294,0.4117647058823529,0.0,0.0,0.0,0.09411764705882353,0.08235294117647059,0.0,0.0,0.0,0.611764705882353,0.25882352941176473,0.07058823529411765,0.25882352941176473,0.0,0.18823529411764706,0.0,0.0,0.0,0.047058823529411764
2015-02-28,0.0,0.0,0.0,0.0,0.0,0.24691358024691357,0.2222222222222222,0.2222222222222222,0.3950617283950617,0.0,0.0,0.0,0.08641975308641975,0.07407407407407407,0.0,0.0,0.0,0.6172839506172839,0.2345679012345679,0.07407407407407407,0.25925925925925924,0.0,0.18518518518518517,0.0,0.0,0.0,0.04938271604938271
2015-03-07,0.0,0.0,0.0,0.0,0.0,0.22093023255813954,0.19767441860465115,0.20930232558139536,0.36046511627906974,0.0,0.0,0.0,0.13953488372093023,0.06976744186046512,0.0,0.0,0.0,0.5697674418604651,0.27906976744186046,0.06976744186046512,0.2441860465116279,0.0,0.23255813953488372,0.0,0.0,0.0,0.046511627906976744
2015-03-14,0.0,0.0,0.0,0.0,0.0,0.21686746987951808,0.20481927710843373,0.20481927710843373,0.37349397590361444,0.0,0.0,0.0,0.14457831325301204,0.07228915662650602,0.0,0.0,0.0,0.5662650602409639,0.2891566265060241,0.07228915662650602,0.24096385542168675,0.0,0.24096385542168675,0.0,0.0,0.0,0.060240963855421686
2015-03-21,0.0,0.0,0.0,0.0,0.0,0.23809523809523808,0.21428571428571427,0.2261904761904762,0.38095238095238093,0.0,0.0,0.0,0.11904761904761904,0.07142857142857142,0.0,0.0,0.0,0.5595238095238095,0.2619047619047619,0.07142857142857142,0.25,0.0,0.20238095238095238,0.0,0.0,0.0,0.07142857142857142
2015-03-28,0.0,0.0,0.0,0.0,0.0,0.22093023255813954,0.19767441860465115,0.20930232558139536,0.38372093023255816,0.0,0.0,0.0,0.10465116279069768,0.08139534883720931,0.0,0.0,0.0,0.5581395348837209,0.2441860465116279,0.08139534883720931,0.26744186046511625,0.0,0.19767441860465115,0.0,0.0,0.0,0.09302325581395349
2015-04-04,0.0,0.0,0.0,0.0,0.0,0.20689655172413793,0.1839080459770115,0.19540229885057472,0.3793103448275862,0.0,0.0,0.0,0.11494252873563218,0.08045977011494253,0.0,0.0,0.0,0.5517241379310345,0.26436781609195403,0.08045977011494253,0.26436781609195403,0.0,0.20689655172413793,0.0,0.0,0.0,0.09195402298850575
2015-04-11,0.0,0.0,0.0,0.0,0.0,0.21686746987951808,0.1927710843373494,0.20481927710843373,0.37349397590361444,0.0,0.0,0.0,0.12048192771084337,0.0963855421686747,0.0,0.0,0.0,0.5542168674698795,0.26506024096385544,0.07228915662650602,0.27710843373493976,0.0,0.21686746987951808,0.0,0.0,0.0,0.08433734939759036
2015-04-18,0.0,0.0,0.0,0.0,0.0,0.20454545454545456,0.18181818181818182,0.18181818181818182,0.38636363636363635,0.0,0.0,0.0,0.11363636363636363,0.10227272727272728,0.0,0.0,0.0,0.5568181818181818,0.26136363636363635,0.07954545454545454,0.2840909090909091,0.0,0.20454545454545456,0.0,0.0,0.0,0.07954545454545454
2015-04-25,0.0,0.0,0.0,0.0,0.0,0.20930232558139536,0.1744186046511628,0.1744186046511628,0.3953488372093023,0.0,0.0,0.0,0.12790697674418605,0.10465116279069768,0.0,0.0,0.0,0.5697674418604651,0.26744186046511625,0.06976744186046512,0.27906976744186046,0.0,0.22093023255813954,0.0,0.0,0.0,0.06976744186046512
2015-05-02,0.0,0.0,0.0,0.0,0.0,0.20930232558139536,0.1744186046511628,0.1744186046511628,0.4069767441860465,0.0,0.0,0.0,0.12790697674418605,0.10465116279069768,0.0,0.0,0.0,0.5930232558139535,0.26744186046511625,0.06976744186046512,0.27906976744186046,0.0,0.22093023255813954,0.0,0.0,0.0,0.06976744186046512
2015-05-09,0.0,0.0,0.0,0.0,0.0,0.21839080459770116,0.1839080459770115,0.1839080459770115,0.39080459770114945,0.0,0.0,0.0,0.13793103448275862,0.08045977011494253,0.0,0.0,0.0,0.5862068965517241,0.26436781609195403,0.08045977011494253,0.26436781609195403,0.0,0.20689655172413793,0.0,0.0,0.0,0.08045977011494253
2015-05-16,0.0,0.0,0.0,0.0,0.0,0.19767441860465115,0.16279069767441862,0.16279069767441862,0.36046511627906974,0.0,0.0,0.0,0.1511627906976744,0.06976744186046512,0.0,0.0,0.0,0.5232558139534884,0.26744186046511625,0.06976744186046512,0.2558139534883721,0.0,0.23255813953488372,0.0,0.0,0.0,0.06976744186046512
2015-05-23,0.0,0.0,0.0,0.0,0.0,0.23333333333333334,0.2,0.2,0.34444444444444444,0.0,0.0,0.0,0.13333333333333333,0.06666666666666667,0.0,0.0,0.0,0.5,0.24444444444444444,0.06666666666666667,0.24444444444444444,0.0,0.2111111111111111,0.0,0.0,0.0,0.06666666666666667
2015-05-30,0.0,0.0,0.0,0.0,0.0,0.22727272727272727,0.19318181818181818,0.19318181818181818,0.3522727272727273,0.0,0.0,0.0,0.125,0.06818181818181818,0.0,0.0,0.0,0.5,0.25,0.06818181818181818,0.23863636363636365,0.0,0.2159090909090909,0.0,0.0,0.0,0.056818181818181816
2015-06-06,0.0,0.0,0.0,0.0,0.0,0.20930232558139536,0.1744186046511628,0.1744186046511628,0.38372093023255816,0.0,0.0,0.0,0.12790697674418605,0.06976744186046512,0.0,0.0,0.0,0.5348837209302325,0.26744186046511625,0.06976744186046512,0.2558139534883721,0.0,0.22093023255813954,0.0,0.0,0.0,0.05813953488372093
2015-06-13,0.0,0.0,0.0,0.0,0.0,0.21428571428571427,0.17857142857142858,0.17857142857142858,0.38095238095238093,0.0,0.0,0.0,0.13095238095238096,0.07142857142857142,0.0,0.0,0.0,0.5238095238095238,0.27380952380952384,0.07142857142857142,0.27380952380952384,0.0,0.21428571428571427,0.0,0.0,0.0,0.05952380952380952
2015-06-20,0.0,0.0,0.0,0.0,0.0,0.22727272727272727,0.17045454545454544,0.19318181818181818,0.3522727272727273,0.0,0.0,0.0,0.1590909090909091,0.056818181818181816,0.0,0.0,0.0,0.5,0.29545454545454547,0.056818181818181816,0.23863636363636365,0.0,0.20454545454545456,0.0,0.0,0.0,0.06818181818181818
2015-06-27,0.0,0.0,0.0,0.0,0.0,0.25,0.18181818181818182,0.20454545454545456,0.3181818181818182,0.0,0.0,0.0,0.1590909090909091,0.03409090909090909,0.0,0.0,0.0,0.4772727272727273,0.2840909090909091,0.056818181818181816,0.2159090909090909,0.0,0.20454545454545456,0.0,0.0,0.0,0.045454545454545456
2015-07-04,0.0,0.0,0.0,0.0,0.0,0.26744186046511625,0.19767441860465115,0.22093023255813954,0.29069767441860467,0.0,0.0,0.0,0.1511627906976744,0.03488372093023256,0.0,0.0,0.0,0.46511627906976744,0.26744186046511625,0.05813953488372093,0.19767441860465115,0.0,0.18604651162790697,0.011627906976744186,0.0,0.0,0.046511627906976744
2015-07-11,0.0,0.0,0.0,0.0,0.0,0.26744186046511625,0.19767441860465115,0.22093023255813954,0.3488372093023256,0.0,0.0,0.0,0.13953488372093023,0.03488372093023256,0.0,0.0,0.0,0.5,0.2558139534883721,0.05813953488372093,0.23255813953488372,0.0,0.1744186046511628,0.011627906976744186,0.0,0.0,0.046511627906976744
2015-07-18,0.0,0.0,0.0,0.0,0.0,0.2823529411764706,0.21176470588235294,0.23529411764705882,0.32941176470588235,0.0,0.0,0.0,0.1411764705882353,0.023529411764705882,0.0,0.0,0.0,0.49411764705882355,0.27058823529411763,0.058823529411764705,0.21176470588235294,0.0,0.17647058823529413,0.011764705882352941,0.0,0.0,0.047058823529411764
2015-07-25,0.0,0.0,0.0,0.0,0.0,0.27586206896551724,0.20689655172413793,0.22988505747126436,0.3333333333333333,0.0,0.0,0.0,0.14942528735632185,0.022988505747126436,0.0,0.0,0.0,0.47126436781609193,0.27586206896551724,0.06896551724137931,0.20689655172413793,0.0,0.19540229885057472,0.011494252873563218,0.0,0.0,0.05747126436781609
2015-08-01,0.0,0.0,0.0,0.0,0.0,0.2808988764044944,0.21348314606741572,0.23595505617977527,0.3258426966292135,0.0,0.0,0.0,0.15730337078651685,0.033707865168539325,0.0,0.0,0.0,0.449438202247191,0.2696629213483146,0.056179775280898875,0.21348314606741572,0.0,0.20224719101123595,0.011235955056179775,0.0,0.0,0.056179775280898875
2015-08-08,0.0,0.0,0.0,0.0,0.0,0.29411764705882354,0.21176470588235294,0.23529411764705882,0.3176470588235294,0.0,0.0,0.0,0.1411764705882353,0.03529411764705882,0.0,0.0,0.0,0.43529411764705883,0.27058823529411763,0.058823529411764705,0.18823529411764706,0.0,0.2,0.011764705882352941,0.0,0.0,0.058823529411764705
2015-08-15,0.0,0.0,0.0,0.0,0.0,0.2840909090909091,0.20454545454545456,0.22727272727272727,0.32954545454545453,0.0,0.0,0.0,0.14772727272727273,0.03409090909090909,0.0,0.0,0.0,0.4431818181818182,0.2727272727272727,0.056818181818181816,0.19318181818181818,0.0,0.20454545454545456,0.0,0.0,0.0,0.056818181818181816
2015-08-22,0.0,0.0,0.0,0.0,0.0,0.27380952380952384,0.20238095238095238,0.2261904761904762,0.3333333333333333,0.0,0.0,0.0,0.15476190476190477,0.03571428571428571,0.0,0.0,0.0,0.44047619047619047,0.2976190476190476,0.047619047619047616,0.21428571428571427,0.0,0.21428571428571427,0.0,0.0,0.0,0.07142857142857142
2015-08-29,0.0,0.0,0.0,0.0,0.0,0.23863636363636365,0.18181818181818182,0.20454545454545456,0.3181818181818182,0.0,0.0,0.0,0.18181818181818182,0.03409090909090909,0.0,0.0,0.0,0.4318181818181818,0.29545454545454547,0.045454545454545456,0.25,0.0,0.22727272727272727,0.0,0.0,0.0,0.056818181818181816
2015-09-05,0.0,0.0,0.0,0.0,0.0,0.26373626373626374,0.1978021978021978,0.21978021978021978,0.31868131868131866,0.0,0.0,0.0,0.16483516483516483,0.02197802197802198,0.0,0.0,0.0,0.45054945054945056,0.27472527472527475,0.04395604395604396,0.24175824175824176,0.0,0.2087912087912088,0.0,0.0,0.0,0.054945054945054944
2015-09-12,0.0,0.0,0.0,0.0,0.0,0.25287356321839083,0.1839080459770115,0.20689655172413793,0.2988505747126437,0.0,0.0,0.0,0.16091954022988506,0.022988505747126436,0.0,0.0,0.0,0.4367816091954023,0.25287356321839083,0.04597701149425287,0.2413793103448276,0.0,0.20689655172413793,0.0,0.0,0.0,0.05747126436781609
2015-09-19,0.0,0.0,0.0,0.0,0.0,0.24096385542168675,0.18072289156626506,0.18072289156626506,0.3132530120481928,0.0,0.0,0.0,0.1566265060240964,0.024096385542168676,0.0,0.0,0.0,0.4457831325301205,0.27710843373493976,0.04819277108433735,0.26506024096385544,0.0,0.20481927710843373,0.0,0.0,0.0,0.060240963855421686
2015-09-26,0.0,0.0,0.0,0.0,0.0,0.2087912087912088,0.15384615384615385,0.15384615384615385,0.3076923076923077,0.0,0.0,0.0,0.14285714285714285,0.03296703296703297,0.0,0.0,0.0,0.5054945054945055,0.26373626373626374,0.04395604395604396,0.2857142857142857,0.0,0.1978021978021978,0.0,0.0,0.0,0.054945054945054944
2015-10-03,0.0,0.0,0.0,0.0,0.0,0.21839080459770116,0.16091954022988506,0.16091954022988506,0.2988505747126437,0.0,0.0,0.0,0.13793103448275862,0.022988505747126436,0.0,0.0,0.0,0.47126436781609193,0.25287356321839083,0.04597701149425287,0.2413793103448276,0.0,0.21839080459770116,0.0,0.0,0.0,0.04597701149425287
2015-10-10,0.0,0.0,0.0,0.0,0.0,0.20987654320987653,0.14814814814814814,0.14814814814814814,0.2839506172839506,0.0,0.0,0.0,0.18518518518518517,0.012345679012345678,0.0,0.0,0.0,0.43209876543209874,0.2839506172839506,0.04938271604938271,0.24691358024691357,0.0,0.24691358024691357,0.0,0.0,0.0,0.024691358024691357
2015-10-17,0.0,0.0,0.0,0.0,0.0,0.19101123595505617,0.1348314606741573,0.1348314606741573,0.2696629213483146,0.0,0.0,0.0,0.24719101123595505,0.011235955056179775,0.0,0.0,0.0,0.4044943820224719,0.34831460674157305,0.033707865168539325,0.23595505617977527,0.0,0.3146067415730337,0.0,0.0,0.0,0.02247191011235955
2015-10-24,0.0,0.0,0.0,0.0,0.0,0.17391304347826086,0.11956521739130435,0.11956521739130435,0.2608695652173913,0.0,0.0,0.0,0.2608695652173913,0.010869565217391304,0.0,0.0,0.0,0.40217391304347827,0.3804347826086957,0.03260869565217391,0.22826086956521738,0.0,0.34782608695652173,0.0,0.0,0.0,0.021739130434782608
2015-10-31,0.0,0.0,0.0,0.0,0.0,0.18681318681318682,0.13186813186813187,0.12087912087912088,0.25274725274725274,0.0,0.0,0.0,0.24175824175824176,0.01098901098901099,0.0,0.0,0.0,0.3956043956043956,0.37362637362637363,0.03296703296703297,0.21978021978021978,0.0,0.3516483516483517,0.01098901098901099,0.0,0.0,0.02197802197802198
2015-11-07,0.0,0.0,0.0,0.0,0.0,0.18681318681318682,0.14285714285714285,0.14285714285714285,0.2857142857142857,0.0,0.0,0.0,0.24175824175824176,0.01098901098901099,0.0,0.0,0.0,0.4065934065934066,0.37362637362637363,0.03296703296703297,0.23076923076923078,0.0,0.3516483516483517,0.01098901098901099,0.0,0.0,0.02197802197802198
2015-11-14,0.0,0.0,0.0,0.0,0.0,0.18681318681318682,0.14285714285714285,0.14285714285714285,0.3076923076923077,0.0,0.0,0.0,0.2087912087912088,0.01098901098901099,0.0,0.0,0.0,0.43956043956043955,0.34065934065934067,0.03296703296703297,0.25274725274725274,0.0,0.31868131868131866,0.01098901098901099,0.0,0.0,0.02197802197802198
2015-11-21,0.0,0.0,0.0,0.0,0.0,0.2,0.13333333333333333,0.14444444444444443,0.2777777777777778,0.0,0.0,0.0,0.18888888888888888,0.011111111111111112,0.0,0.0,0.0,0.43333333333333335,0.34444444444444444,0.022222222222222223,0.23333333333333334,0.0,0.32222222222222224,0.011111111111111112,0.0,0.0,0.022222222222222223
2015-11-28,0.0,0.0,0.0,0.0,0.0,0.22727272727272727,0.14772727272727273,0.1590909090909091,0.2840909090909091,0.0,0.0,0.0,0.17045454545454544,0.011363636363636364,0.0,0.0,0.0,0.4431818181818182,0.3068181818181818,0.022727272727272728,0.23863636363636365,0.0,0.29545454545454547,0.011363636363636364,0.0,0.0,0.011363636363636364
2015-12-05,0.0,0.0,0.0,0.0,0.0,0.2077922077922078,0.12987012987012986,0.14285714285714285,0.3116883116883117,0.0,0.0,0.0,0.16883116883116883,0.025974025974025976,0.0,0.0,0.0,0.4675324675324675,0.3246753246753247,0.012987012987012988,0.22077922077922077,0.0,0.2857142857142857,0.012987012987012988,0.0,0.0,0.025974025974025976
2015-12-12,0.0,0.0,0.0,0.0,0.0,0.1744186046511628,0.11627906976744186,0.11627906976744186,0.37209302325581395,0.0,0.0,0.0,0.1511627906976744,0.023255813953488372,0.0,0.0,0.0,0.5348837209302325,0.29069767441860467,0.011627906976744186,0.3023255813953488,0.0,0.2558139534883721,0.011627906976744186,0.0,0.0,0.023255813953488372
2015-12-19,0.0,0.0,0.0,0.0,0.0,0.18181818181818182,0.125,0.125,0.3409090909090909,0.0,0.0,0.0,0.1590909090909091,0.03409090909090909,0.0,0.0,0.0,0.5340909090909091,0.29545454545454547,0.022727272727272728,0.29545454545454547,0.0,0.26136363636363635,0.011363636363636364,0.0,0.0,0.022727272727272728
2015-12-26,0.0,0.0,0.0,0.0,0.0,0.16853932584269662,0.11235955056179775,0.11235955056179775,0.3595505617977528,0.0,0.0,0.0,0.16853932584269662,0.033707865168539325,0.0,0.0,0.0,0.5393258426966292,0.29213483146067415,0.02247191011235955,0.30337078651685395,0.0,0.25842696629213485,0.011235955056179775,0.0,0.0,0.0449438202247191
2016-01-02,0.02197802197802198,0.0,0.02197802197802198,0.0,0.0,0.17582417582417584,0.12087912087912088,0.12087912087912088,0.31868131868131866,0.0,0.0,0.0,0.16483516483516483,0.03296703296703297,0.0,0.0,0.0,0.4835164835164835,0.27472527472527475,0.01098901098901099,0.27472527472527475,0.0,0.25274725274725274,0.01098901098901099,0.0,0.0,0.04395604395604396
2016-01-09,0.022727272727272728,0.0,0.022727272727272728,0.0,0.0,0.1590909090909091,0.11363636363636363,0.125,0.3181818181818182,0.0,0.0,0.0,0.1590909090909091,0.03409090909090909,0.0,0.0,0.0,0.5,0.29545454545454547,0.022727272727272728,0.2727272727272727,0.0,0.2727272727272727,0.011363636363636364,0.0,0.0,0.045454545454545456
2016-01-16,0.0,0.0,0.0,0.0,0.0,0.15384615384615385,0.10989010989010989,0.12087912087912088,0.31868131868131866,0.0,0.0,0.0,0.16483516483516483,0.03296703296703297,0.0,0.0,0.0,0.5054945054945055,0.3516483516483517,0.03296703296703297,0.27472527472527475,0.0,0.31868131868131866,0.01098901098901099,0.0,0.0,0.03296703296703297
2016-01-23,0.0,0.0,0.0,0.0,0.0,0.2,0.16666666666666666,0.16666666666666666,0.28888888888888886,0.0,0.0,0.0,0.16666666666666666,0.03333333333333333,0.0,0.0,0.0,0.4777777777777778,0.3333333333333333,0.03333333333333333,0.26666666666666666,0.0,0.3,0.011111111111111112,0.0,0.0,0.03333333333333333
2016-01-30,0.0,0.0,0.0,0.0,0.0,0.1956521739130435,0.15217391304347827,0.15217391304347827,0.30434782608695654,0.0,0.0,0.0,0.16304347826086957,0.03260869565217391,0.0,0.0,0.0,0.5,0.32608695652173914,0.03260869565217391,0.2717391304347826,0.0,0.29347826086956524,0.010869565217391304,0.0,0.0,0.043478260869565216
2016-02-06,0.0,0.0,0.0,0.0,0.0,0.20224719101123595,0.15730337078651685,0.15730337078651685,0.3146067415730337,0.0,0.0,0.0,0.15730337078651685,0.02247191011235955,0.0,0.0,0.0,0.5056179775280899,0.30337078651685395,0.02247191011235955,0.2696629213483146,0.0,0.2808988764044944,0.011235955056179775,0.0,0.0,0.0449438202247191
2016-02-13,0.0,0.0,0.0,0.0,0.0,0.20454545454545456,0.1590909090909091,0.1590909090909091,0.29545454545454547,0.0,0.0,0.0,0.13636363636363635,0.022727272727272728,0.0,0.0,0.0,0.5227272727272727,0.29545454545454547,0.022727272727272728,0.25,0.0,0.26136363636363635,0.011363636363636364,0.0,0.0,0.045454545454545456
2016-02-20,0.0,0.0,0.0,0.0,0.0,0.21348314606741572,0.14606741573033707,0.15730337078651685,0.30337078651685395,0.0,0.0,0.0,0.1348314606741573,0.02247191011235955,0.0,0.0,0.0,0.5393258426966292,0.29213483146067415,0.02247191011235955,0.25842696629213485,0.0,0.25842696629213485,0.011235955056179775,0.0,0.0,0.056179775280898875
2016-02-27,0.0,0.0,0.0,0.0,0.0,0.20689655172413793,0.13793103448275862,0.14942528735632185,0.3448275862068966,0.0,0.0,0.0,0.11494252873563218,0.022988505747126436,0.0,0.0,0.0,0.5862068965517241,0.25287356321839083,0.022988505747126436,0.2988505747126437,0.0,0.21839080459770116,0.011494252873563218,0.0,0.0,0.06896551724137931
2016-03-05,0.0,0.0,0.0,0.0,0.0,0.22988505747126436,0.14942528735632185,0.1724137931034483,0.3218390804597701,0.0,0.0,0.0,0.10344827586206896,0.011494252873563218,0.0,0.0,0.0,0.5517241379310345,0.25287356321839083,0.022988505747126436,0.2988505747126437,0.0,0.22988505747126436,0.011494252873563218,0.0,0.0,0.04597701149425287
2016-03-12,0.0,0.0,0.0,0.0,0.0,0.23529411764705882,0.16470588235294117,0.18823529411764706,0.32941176470588235,0.0,0.0,0.0,0.11764705882352941,0.023529411764705882,0.0,0.0,0.0,0.5647058823529412,0.27058823529411763,0.023529411764705882,0.29411764705882354,0.0,0.24705882352941178,0.011764705882352941,0.0,0.0,0.047058823529411764
2016-03-19,0.0,0.0,0.0,0.0,0.0,0.21348314606741572,0.16853932584269662,0.1797752808988764,0.30337078651685395,0.0,0.0,0.0,0.1348314606741573,0.011235955056179775,0.0,0.0,0.0,0.5393258426966292,0.30337078651685395,0.011235955056179775,0.2696629213483146,0.0,0.2696629213483146,0.011235955056179775,0.0,0.0,0.0449438202247191
2016-03-26,0.0,0.0,0.0,0.0,0.0,0.23529411764705882,0.18823529411764706,0.2,0.3058823529411765,0.0,0.0,0.0,0.12941176470588237,0.011764705882352941,0.0,0.0,0.0,0.5411764705882353,0.29411764705882354,0.023529411764705882,0.2823529411764706,0.0,0.24705882352941178,0.011764705882352941,0.0,0.0,0.047058823529411764
2016-04-02,0.0,0.0,0.0,0.0,0.0,0.23595505617977527,0.19101123595505617,0.20224719101123595,0.3146067415730337,0.0,0.0,0.0,0.11235955056179775,0.02247191011235955,0.0,0.0,0.0,0.5617977528089888,0.25842696629213485,0.02247191011235955,0.30337078651685395,0.0,0.2247191011235955,0.011235955056179775,0.0,0.0,0.033707865168539325
2016-04-09,0.0,0.0,0.0,0.0,0.0,0.20652173913043478,0.16304347826086957,0.17391304347826086,0.358695652173913,0.0,0.0,0.0,0.10869565217391304,0.03260869565217391,0.0,0.0,0.0,0.5869565217391305,0.25,0.03260869565217391,0.32608695652173914,0.0,0.21739130434782608,0.021739130434782608,0.0,0.0,0.03260869565217391
2016-04-16,0.0,0.0,0.0,0.0,0.0,0.21176470588235294,0.16470588235294117,0.17647058823529413,0.36470588235294116,0.0,0.0,0.0,0.11764705882352941,0.058823529411764705,0.0,0.0,0.0,0.5647058823529412,0.2823529411764706,0.03529411764705882,0.3176470588235294,0.0,0.2235294117647059,0.023529411764705882,0.0,0.0,0.03529411764705882
2016-04-23,0.0,0.0,0.0,0.0,0.0,0.24358974358974358,0.19230769230769232,0.20512820512820512,0.3333333333333333,0.0,0.0,0.0,0.1282051282051282,0.05128205128205128,0.0,0.0,0.0,0.5256410256410257,0.2948717948717949,0.02564102564102564,0.2692307692307692,0.0,0.21794871794871795,0.02564102564102564,0.0,0.0,0.038461538461538464
2016-04-30,0.0,0.0,0.0,0.0,0.0,0.2235294117647059,0.17647058823529413,0.2,0.3058823529411765,0.0,0.0,0.0,0.1411764705882353,0.047058823529411764,0.0,0.0,0.0,0.4823529411764706,0.2823529411764706,0.023529411764705882,0.24705882352941178,0.0,0.27058823529411763,0.023529411764705882,0.0,0.0,0.058823529411764705
2016-05-07,0.0,0.0,0.0,0.0,0.0,0.1927710843373494,0.1566265060240964,0.18072289156626506,0.3132530120481928,0.0,0.0,0.0,0.1566265060240964,0.04819277108433735,0.0,0.0,0.0,0.4939759036144578,0.3132530120481928,0.024096385542168676,0.26506024096385544,0.0,0.26506024096385544,0.024096385542168676,0.0,0.0,0.060240963855421686
2016-05-14,0.0,0.0,0.0,0.0,0.0,0.16883116883116883,0.14285714285714285,0.15584415584415584,0.3246753246753247,0.0,0.0,0.03896103896103896,0.15584415584415584,0.05194805194805195,0.0,0.03896103896103896,0.0,0.4675324675324675,0.3116883116883117,0.025974025974025976,0.2857142857142857,0.0,0.2597402597402597,0.025974025974025976,0.0,0.0,0.06493506493506493
2016-05-21,0.0,0.0,0.0,0.0,0.0,0.13513513513513514,0.10810810810810811,0.12162162162162163,0.4594594594594595,0.0,0.0,0.0,0.14864864864864866,0.05405405405405406,0.0,0.0,0.0,0.5945945945945946,0.44594594594594594,0.02702702702702703,0.28378378378378377,0.0,0.24324324324324326,0.02702702702702703,0.0,0.0,0.06756756756756757
2016-05-28,0.0,0.0,0.0,0.0,0.0,0.125,0.1,0.1125,0.35,0.0,0.0,0.0,0.2625,0.05,0.0,0.0,0.0,0.475,0.45,0.025,0.2625,0.0,0.35,0.025,0.0,0.0,0.0625
2016-06-04,0.0,0.0,0.0,0.0,0.0,0.1625,0.1375,0.1375,0.3375,0.0,0.0,0.0,0.2625,0.0375,0.0,0.0,0.0,0.4625,0.425,0.025,0.25,0.0,0.3125,0.025,0.0,0.0,0.0625
2016-06-11,0.0,0.0,0.0,0.0,0.0,0.1625,0.1375,0.1375,0.35,0.0,0.0,0.0,0.2625,0.05,0.0,0.0,0.0,0.45,0.425,0.05,0.25,0.0,0.3,0.025,0.0,0.0,0.0625
2016-06-18,0.0,0.0,0.0,0.0,0.0,0.1686746987951807,0.13253012048192772,0.13253012048192772,0.3493975903614458,0.0,0.0,0.0,0.21686746987951808,0.04819277108433735,0.0,0.0,0.0,0.4819277108433735,0.37349397590361444,0.04819277108433735,0.26506024096385544,0.0,0.26506024096385544,0.024096385542168676,0.0,0.0,0.060240963855421686
2016-06-25,0.0,0.0,0.0,0.0,0.0,0.20454545454545456,0.13636363636363635,0.13636363636363635,0.3409090909090909,0.0,0.0,0.0,0.20454545454545456,0.045454545454545456,0.0,0.0,0.0,0.4772727272727273,0.3522727272727273,0.045454545454545456,0.26136363636363635,0.0,0.26136363636363635,0.022727272727272728,0.0,0.0,0.045454545454545456
2016-07-02,0.0,0.0,0.0,0.0,0.0,0.18518518518518517,0.13580246913580246,0.12345679012345678,0.345679012345679,0.0,0.0,0.0,0.20987654320987653,0.04938271604938271,0.0,0.0,0.0,0.49382716049382713,0.35802469135802467,0.037037037037037035,0.2716049382716049,0.0,0.2839506172839506,0.024691358024691357,0.0,0.0,0.04938271604938271
2016-07-09,0.0,0.0,0.0,0.0,0.0,0.17857142857142858,0.13095238095238096,0.11904761904761904,0.35714285714285715,0.0,0.0,0.0,0.21428571428571427,0.047619047619047616,0.0,0.0,0.0,0.5119047619047619,0.3333333333333333,0.03571428571428571,0.2857142857142857,0.0,0.2857142857142857,0.023809523809523808,0.0,0.0,0.047619047619047616
2016-07-16,0.0,0.0,0.0,0.0,0.0,0.17647058823529413,0.12941176470588237,0.11764705882352941,0.35294117647058826,0.0,0.0,0.0,0.2235294117647059,0.047058823529411764,0.0,0.0,0.0,0.49411764705882355,0.32941176470588235,0.03529411764705882,0.29411764705882354,0.0,0.2823529411764706,0.047058823529411764,0.0,0.0,0.03529411764705882
2016-07-23,0.0,0.0,0.0,0.0,0.0,0.18823529411764706,0.1411764705882353,0.12941176470588237,0.36470588235294116,0.0,0.0,0.0,0.24705882352941178,0.047058823529411764,0.0,0.0,0.0,0.5058823529411764,0.35294117647058826,0.03529411764705882,0.2823529411764706,0.0,0.2823529411764706,0.03529411764705882,0.0,0.0,0.047058823529411764
2016-07-30,0.0,0.0,0.0,0.0,0.0,0.1927710843373494,0.14457831325301204,0.13253012048192772,0.3493975903614458,0.0,0.0,0.0,0.21686746987951808,0.04819277108433735,0.0,0.0,0.0,0.5060240963855421,0.3253012048192771,0.04819277108433735,0.26506024096385544,0.0,0.26506024096385544,0.03614457831325301,0.0,0.0,0.03614457831325301
2016-08-06,0.0,0.0,0.0,0.0,0.0,0.16666666666666666,0.11904761904761904,0.10714285714285714,0.36904761904761907,0.0,0.0,0.0,0.21428571428571427,0.047619047619047616,0.0,0.0,0.0,0.5357142857142857,0.34523809523809523,0.047619047619047616,0.27380952380952384,0.0,0.2857142857142857,0.03571428571428571,0.0,0.0,0.03571428571428571
2016-08-13,0.0,0.0,0.0,0.0,0.0,0.1686746987951807,0.12048192771084337,0.10843373493975904,0.3614457831325301,0.0,0.0,0.0,0.2289156626506024,0.024096385542168676,0.0,0.0,0.0,0.5301204819277109,0.3493975903614458,0.04819277108433735,0.25301204819277107,0.0,0.30120481927710846,0.03614457831325301,0.0,0.0,0.04819277108433735
2016-08-20,0.0,0.0,0.0,0.0,0.0,0.18181818181818182,0.13636363636363635,0.125,0.3409090909090909,0.0,0.0,0.0,0.2159090909090909,0.022727272727272728,0.0,0.0,0.0,0.5,0.3409090909090909,0.045454545454545456,0.23863636363636365,0.0,0.3068181818181818,0.03409090909090909,0.0,0.0,0.045454545454545456
2016-08-27,0.0,0.0,0.0,0.0,0.0,0.19540229885057472,0.14942528735632185,0.13793103448275862,0.3218390804597701,0.0,0.0,0.0,0.21839080459770116,0.022988505747126436,0.0,0.0,0.0,0.4942528735632184,0.3333333333333333,0.022988505747126436,0.2413793103448276,0.0,0.2988505747126437,0.034482758620689655,0.0,0.0,0.04597701149425287
2016-09-03,0.0,0.0,0.0,0.0,0.0,0.18823529411764706,0.1411764705882353,0.12941176470588237,0.3411764705882353,0.0,0.0,0.0,0.2235294117647059,0.011764705882352941,0.0,0.0,0.0,0.5058823529411764,0.3411764705882353,0.011764705882352941,0.24705882352941178,0.0,0.3058823529411765,0.03529411764705882,0.0,0.0,0.058823529411764705
2016-09-10,0.0,0.0,0.0,0.0,0.0,0.15853658536585366,0.12195121951219512,0.10975609756097561,0.32926829268292684,0.0,0.0,0.0,0.24390243902439024,0.012195121951219513,0.0,0.0,0.0,0.5121951219512195,0.36585365853658536,0.012195121951219513,0.24390243902439024,0.0,0.32926829268292684,0.036585365853658534,0.0,0.0,0.06097560975609756
2016-09-17,0.0,0.0,0.0,0.0,0.0,0.17857142857142858,0.13095238095238096,0.11904761904761904,0.32142857142857145,0.0,0.0,0.0,0.2261904761904762,0.011904761904761904,0.0,0.0,0.0,0.5,0.34523809523809523,0.011904761904761904,0.23809523809523808,0.0,0.32142857142857145,0.03571428571428571,0.0,0.0,0.05952380952380952
2016-09-24,0.0,0.0,0.0,0.0,0.0,0.17647058823529413,0.11764705882352941,0.12941176470588237,0.3058823529411765,0.0,0.0,0.0,0.23529411764705882,0.011764705882352941,0.0,0.0,0.0,0.4823529411764706,0.35294117647058826,0.011764705882352941,0.2235294117647059,0.0,0.3411764705882353,0.03529411764705882,0.0,0.0,0.058823529411764705
2016-10-01,0.0,0.0,0.0,0.0,0.0,0.16470588235294117,0.11764705882352941,0.12941176470588237,0.3058823529411765,0.0,0.0,0.0,0.24705882352941178,0.011764705882352941,0.0,0.0,0.0,0.4823529411764706,0.36470588235294116,0.011764705882352941,0.21176470588235294,0.0,0.35294117647058826,0.03529411764705882,0.0,0.0,0.058823529411764705
2016-10-08,0.0,0.0,0.0,0.0,0.0,0.17857142857142858,0.11904761904761904,0.13095238095238096,0.2976190476190476,0.0,0.0,0.0,0.25,0.011904761904761904,0.0,0.0,0.0,0.47619047619047616,0.38095238095238093,0.011904761904761904,0.19047619047619047,0.0,0.36904761904761907,0.023809523809523808,0.0,0.0,0.05952380952380952
2016-10-15,0.0,0.0,0.0,0.0,0.0,0.1744186046511628,0.11627906976744186,0.12790697674418605,0.29069767441860467,0.0,0.0,0.0,0.23255813953488372,0.011627906976744186,0.0,0.0,0.0,0.45348837209302323,0.3488372093023256,0.011627906976744186,0.18604651162790697,0.0,0.36046511627906974,0.023255813953488372,0.0,0.0,0.05813953488372093
2016-10-22,0.0,0.0,0.0,0.0,0.0,0.18072289156626506,0.10843373493975904,0.13253012048192772,0.2891566265060241,0.0,0.0,0.0,0.2289156626506024,0.0,0.0,0.0,0.0,0.46987951807228917,0.3493975903614458,0.03614457831325301,0.20481927710843373,0.0,0.37349397590361444,0.024096385542168676,0.0,0.0,0.060240963855421686
2016-10-29,0.0,0.0,0.0,0.0,0.0,0.17857142857142858,0.11904761904761904,0.14285714285714285,0.30952380952380953,0.0,0.0,0.0,0.20238095238095238,0.011904761904761904,0.0,0.0,0.0,0.5,0.3333333333333333,0.047619047619047616,0.21428571428571427,0.0,0.3333333333333333,0.023809523809523808,0.0,0.0,0.07142857142857142
2016-11-05,0.0,0.0,0.0,0.0,0.0,0.175,0.125,0.15,0.3,0.0,0.0,0.0,0.2125,0.0,0.0,0.0,0.0,0.4875,0.35,0.05,0.225,0.0,0.3375,0.025,0.0,0.0,0.0625
2016-11-12,0.0,0.0,0.0,0.0,0.0,0.189873417721519,0.13924050632911392,0.1518987341772152,0.25316455696202533,0.0,0.0,0.0,0.21518987341772153,0.0,0.0,0.0,0.0,0.45569620253164556,0.34177215189873417,0.05063291139240506,0.20253164556962025,0.0,0.34177215189873417,0.02531645569620253,0.0,0.0,0.05063291139240506
2016-11-19,0.0,0.0,0.0,0.0,0.0,0.1875,0.1375,0.15,0.25,0.0,0.0,0.0,0.2,0.0,0.0,0.0,0.0,0.4625,0.3125,0.05,0.2125,0.0,0.3125,0.025,0.0,0.0,0.05
2016-11-26,0.0,0.0,0.0,0.0,0.0,0.2073170731707317,0.15853658536585366,0.17073170731707318,0.23170731707317074,0.0,0.0,0.0,0.2073170731707317,0.0,0.0,0.0,0.0,0.43902439024390244,0.3170731707317073,0.04878048780487805,0.1951219512195122,0.0,0.3170731707317073,0.024390243902439025,0.0,0.0,0.06097560975609756
2016-12-03,0.0,0.0,0.0,0.0,0.0,0.19753086419753085,0.16049382716049382,0.16049382716049382,0.20987654320987653,0.0,0.0,0.0,0.2345679012345679,0.0,0.0,0.0,0.0,0.43209876543209874,0.345679012345679,0.04938271604938271,0.18518518518518517,0.0,0.345679012345679,0.024691358024691357,0.0,0.0,0.04938271604938271
2016-12-10,0.0,0.0,0.0,0.0,0.0,0.20512820512820512,0.16666666666666666,0.16666666666666666,0.21794871794871795,0.0,0.0,0.0,0.20512820512820512,0.0,0.0,0.0,0.0,0.4358974358974359,0.3333333333333333,0.05128205128205128,0.19230769230769232,0.0,0.3333333333333333,0.02564102564102564,0.0,0.0,0.0641025641025641
2016-12-17,0.0,0.0,0.0,0.0,0.0,0.18571428571428572,0.15714285714285714,0.15714285714285714,0.21428571428571427,0.0,0.0,0.0,0.18571428571428572,0.0,0.0,0.0,0.0,0.4714285714285714,0.3,0.05714285714285714,0.2,0.0,0.3,0.02857142857142857,0.0,0.0,0.07142857142857142
2016-12-24,0.0,0.0,0.0,0.0,0.0,0.14814814814814814,0.12345679012345678,0.12345679012345678,0.20987654320987653,0.0,0.0,0.0,0.14814814814814814,0.0,0.0,0.0,0.0,0.5555555555555556,0.24691358024691357,0.04938271604938271,0.1728395061728395,0.0,0.2345679012345679,0.024691358024691357,0.0,0.0,0.08641975308641975
2016-12-31,0.05194805194805195,0.0,0.025974025974025976,0.0,0.0,0.15584415584415584,0.12987012987012986,0.12987012987012986,0.2077922077922078,0.0,0.0,0.0,0.16883116883116883,0.0,0.0,0.0,0.0,0.4805194805194805,0.24675324675324675,0.06493506493506493,0.16883116883116883,0.0,0.23376623376623376,0.012987012987012988,0.0,0.0,0.07792207792207792
2017-01-07,0.04938271604938271,0.0,0.024691358024691357,0.0,0.0,0.13580246913580246,0.1111111111111111,0.1111111111111111,0.20987654320987653,0.0,0.0,0.0,0.2222222222222222,0.0,0.0,0.0,0.0,0.43209876543209874,0.2962962962962963,0.06172839506172839,0.16049382716049382,0.0,0.2839506172839506,0.012345679012345678,0.0,0.0,0.04938271604938271
2017-01-14,0.0,0.0,0.0,0.0,0.0,0.14473684210526316,0.11842105263157894,0.11842105263157894,0.23684210526315788,0.0,0.0,0.0,0.18421052631578946,0.0,0.0,0.0,0.02631578947368421,0.4342105263157895,0.3026315789473684,0.06578947368421052,0.18421052631578946,0.0,0.27631578947368424,0.013157894736842105,0.0,0.0,0.05263157894736842
2017-01-21,0.0,0.0,0.0,0.0,0.0,0.19047619047619047,0.13095238095238096,0.14285714285714285,0.20238095238095238,0.0,0.0,0.0,0.17857142857142858,0.0,0.0,0.0,0.0,0.39285714285714285,0.30952380952380953,0.05952380952380952,0.17857142857142858,0.0,0.2976190476190476,0.011904761904761904,0.0,0.0,0.03571428571428571
2017-01-28,0.0,0.0,0.0,0.0,0.0,0.2,0.1411764705882353,0.15294117647058825,0.21176470588235294,0.0,0.0,0.0,0.17647058823529413,0.0,0.0,0.0,0.0,0.38823529411764707,0.29411764705882354,0.047058823529411764,0.18823529411764706,0.0,0.3176470588235294,0.011764705882352941,0.0,0.0,0.03529411764705882
2017-02-04,0.0,0.0,0.0,0.0,0.0,0.1927710843373494,0.14457831325301204,0.1566265060240964,0.20481927710843373,0.0,0.0,0.0,0.14457831325301204,0.0,0.0,0.0,0.0,0.39759036144578314,0.27710843373493976,0.04819277108433735,0.18072289156626506,0.0,0.30120481927710846,0.012048192771084338,0.0,0.0,0.03614457831325301
2017-02-11,0.0,0.0,0.0,0.0,0.0,0.20253164556962025,0.16455696202531644,0.17721518987341772,0.20253164556962025,0.0,0.0,0.0,0.1518987341772152,0.0,0.0,0.0,0.0,0.4177215189873418,0.25316455696202533,0.05063291139240506,0.189873417721519,0.0,0.26582278481012656,0.012658227848101266,0.0,0.0,0.05063291139240506
2017-02-18,0.0,0.0,0.0,0.0,0.0,0.2345679012345679,0.20987654320987653,0.20987654320987653,0.2222222222222222,0.0,0.0,0.0,0.13580246913580246,0.0,0.0,0.0,0.0,0.4444444444444444,0.2345679012345679,0.04938271604938271,0.20987654320987653,0.0,0.2345679012345679,0.012345679012345678,0.0,0.0,0.04938271604938271
2017-02-25,0.0,0.0,0.0,0.0,0.0,0.2077922077922078,0.16883116883116883,0.18181818181818182,0.19480519480519481,0.0,0.0,0.0,0.15584415584415584,0.0,0.0,0.0,0.0,0.42857142857142855,0.2727272727272727,0.03896103896103896,0.18181818181818182,0.0,0.2727272727272727,0.012987012987012988,0.0,0.0,0.03896103896103896
2017-03-04,0.0,0.0,0.0,0.0,0.0,0.21621621621621623,0.17567567567567569,0.1891891891891892,0.1891891891891892,0.0,0.0,0.0,0.17567567567567569,0.0,0.0,0.0,0.0,0.40540540540540543,0.28378378378378377,0.02702702702702703,0.1891891891891892,0.0,0.28378378378378377,0.013513513513513514,0.0,0.0,0.04054054054054054
2017-03-11,0.0,0.0,0.0,0.0,0.0,0.24358974358974358,0.1794871794871795,0.19230769230769232,0.19230769230769232,0.0,0.0,0.0,0.15384615384615385,0.0,0.0,0.0,0.0,0.4230769230769231,0.2564102564102564,0.038461538461538464,0.1794871794871795,0.0,0.2564102564102564,0.01282051282051282,0.0,0.0,0.038461538461538464
2017-03-18,0.0,0.0,0.0,0.0,0.0,0.225,0.1625,0.175,0.1625,0.0,0.0,0.0,0.175,0.0,0.0,0.0,0.0,0.4125,0.275,0.025,0.1625,0.0,0.275,0.0125,0.0,0.0,0.0375
2017-03-25,0.0,0.0,0.0,0.0,0.0,0.225,0.1625,0.175,0.2,0.0,0.0,0.0,0.2,0.0,0.0,0.0,0.0,0.4125,0.2875,0.025,0.175,0.0,0.2875,0.0125,0.0,0.0,0.0125
2017-04-01,0.0,0.0,0.0,0.0,0.0,0.20253164556962025,0.13924050632911392,0.1518987341772152,0.189873417721519,0.0,0.0,0.0,0.189873417721519,0.0,0.0,0.0,0.0,0.45569620253164556,0.26582278481012656,0.02531645569620253,0.16455696202531644,0.0,0.27848101265822783,0.012658227848101266,0.0,0.0,0.012658227848101266
2017-04-08,0.0,0.0,0.0,0.0,0.0,0.1791044776119403,0.11940298507462686,0.13432835820895522,0.208955223880597,0.0,0.0,0.0,0.1791044776119403,0.014925373134328358,0.0,0.0,0.0,0.4626865671641791,0.26865671641791045,0.029850746268656716,0.19402985074626866,0.0,0.2835820895522388,0.0,0.0,0.0,0.014925373134328358
2017-04-15,0.0,0.0,0.0,0.0,0.0,0.13580246913580246,0.08641975308641975,0.09876543209876543,0.1728395061728395,0.0,0.0,0.0,0.37037037037037035,0.012345679012345678,0.0,0.0,0.0,0.37037037037037035,0.4444444444444444,0.024691358024691357,0.16049382716049382,0.0,0.4444444444444444,0.0,0.0,0.0,0.024691358024691357
2017-04-22,0.0,0.0,0.0,0.0,0.0,0.1891891891891892,0.12162162162162163,0.13513513513513514,0.17567567567567569,0.0,0.0,0.0,0.2702702702702703,0.013513513513513514,0.0,0.0,0.0,0.3918918918918919,0.36486486486486486,0.02702702702702703,0.16216216216216217,0.0,0.36486486486486486,0.0,0.0,0.0,0.02702702702702703
2017-04-29,0.0,0.0,0.0,0.0,0.0,0.2125,0.1375,0.15,0.1625,0.0,0.0,0.0,0.2625,0.0125,0.0,0.0,0.0,0.375,0.35,0.025,0.15,0.0,0.375,0.0,0.0,0.0,0.025
2017-05-06,0.0,0.0,0.0,0.0,0.0,0.20833333333333334,0.1388888888888889,0.1388888888888889,0.18055555555555555,0.0,0.0,0.0,0.2222222222222222,0.013888888888888888,0.0,0.0,0.0,0.375,0.3611111111111111,0.013888888888888888,0.16666666666666666,0.0,0.375,0.0,0.0,0.0,0.027777777777777776
2017-05-13,0.0,0.0,0.0,0.0,0.0,0.14814814814814814,0.08641975308641975,0.08641975308641975,0.1728395061728395,0.0,0.0,0.0,0.3333333333333333,0.012345679012345678,0.0,0.0,0.0,0.345679012345679,0.32098765432098764,0.012345679012345678,0.14814814814814814,0.0,0.4691358024691358,0.0,0.0,0.0,0.024691358024691357
2017-05-20,0.0,0.0,0.0,0.0,0.0,0.18666666666666668,0.10666666666666667,0.12,0.17333333333333334,0.0,0.0,0.0,0.26666666666666666,0.0,0.0,0.0,0.0,0.37333333333333335,0.32,0.013333333333333334,0.14666666666666667,0.0,0.4,0.0,0.0,0.0,0.02666666666666667
2017-05-27,0.0,0.0,0.0,0.0,0.0,0.2,0.125,0.1375,0.1875,0.0,0.0,0.0,0.25,0.0,0.0,0.0,0.0,0.375,0.3,0.025,0.15,0.0,0.375,0.0,0.0,0.0,0.025
2017-06-03,0.0,0.0,0.0,0.0,0.0,0.2222222222222222,0.13580246913580246,0.14814814814814814,0.18518518518518517,0.0,0.0,0.0,0.2345679012345679,0.0,0.0,0.0,0.0,0.37037037037037035,0.2962962962962963,0.024691358024691357,0.16049382716049382,0.0,0.37037037037037035,0.0,0.0,0.0,0.024691358024691357
2017-06-10,0.0,0.0,0.0,0.0,0.0,0.21794871794871795,0.14102564102564102,0.15384615384615385,0.21794871794871795,0.0,0.0,0.0,0.19230769230769232,0.0,0.0,0.0,0.0,0.38461538461538464,0.24358974358974358,0.02564102564102564,0.19230769230769232,0.0,0.3333333333333333,0.0,0.0,0.0,0.01282051282051282
2017-06-17,0.0,0.0,0.0,0.0,0.0,0.2,0.125,0.1375,0.25,0.0,0.0,0.0,0.2,0.0,0.0,0.0,0.0,0.4125,0.25,0.025,0.2375,0.0,0.325,0.0,0.0,0.0,0.0125
2017-06-24,0.0,0.0,0.0,0.0,0.0,0.2073170731707317,0.12195121951219512,0.14634146341463414,0.24390243902439024,0.0,0.0,0.0,0.2073170731707317,0.0,0.0,0.0,0.0,0.3902439024390244,0.2682926829268293,0.024390243902439025,0.23170731707317074,0.0,0.34146341463414637,0.0,0.0,0.0,0.012195121951219513
2017-07-01,0.0,0.0,0.0,0.0,0.0,0.2289156626506024,0.14457831325301204,0.1686746987951807,0.2891566265060241,0.0,0.0,0.0,0.1927710843373494,0.0,0.0,0.0,0.0,0.40963855421686746,0.25301204819277107,0.024096385542168676,0.2289156626506024,0.0,0.3253012048192771,0.0,0.0,0.0,0.024096385542168676
2017-07-08,0.0,0.0,0.0,0.0,0.0,0.23809523809523808,0.14285714285714285,0.17857142857142858,0.27380952380952384,0.0,0.0,0.0,0.17857142857142858,0.0,0.0,0.0,0.0,0.4166666666666667,0.25,0.023809523809523808,0.20238095238095238,0.0,0.32142857142857145,0.0,0.0,0.0,0.023809523809523808
2017-07-15,0.0,0.0,0.0,0.0,0.0,0.24096385542168675,0.14457831325301204,0.18072289156626506,0.26506024096385544,0.0,0.0,0.0,0.1927710843373494,0.0,0.0,0.0,0.0,0.40963855421686746,0.25301204819277107,0.024096385542168676,0.1927710843373494,0.0,0.3373493975903614,0.0,0.0,0.0,0.012048192771084338
2017-07-22,0.0,0.0,0.0,0.0,0.0,0.2261904761904762,0.13095238095238096,0.16666666666666666,0.25,0.0,0.0,0.0,0.21428571428571427,0.0,0.0,0.0,0.0,0.39285714285714285,0.2619047619047619,0.011904761904761904,0.19047619047619047,0.0,0.35714285714285715,0.0,0.0,0.0,0.011904761904761904
2017-07-29,0.0,0.0,0.0,0.0,0.0,0.22077922077922077,0.12987012987012986,0.16883116883116883,0.24675324675324675,0.0,0.0,0.0,0.2077922077922078,0.0,0.0,0.0,0.0,0.37662337662337664,0.24675324675324675,0.012987012987012988,0.18181818181818182,0.0,0.33766233766233766,0.0,0.0,0.0,0.012987012987012988
2017-08-05,0.0,0.0,0.0,0.0,0.0,0.2,0.125,0.1625,0.2625,0.0,0.0,0.0,0.2,0.0,0.0,0.0,0.0,0.3875,0.275,0.0125,0.2125,0.0,0.3375,0.0,0.0,0.0,0.0125
2017-08-12,0.0,0.0,0.0,0.0,0.0,0.20253164556962025,0.12658227848101267,0.16455696202531644,0.26582278481012656,0.0,0.0,0.0,0.20253164556962025,0.0,0.0,0.0,0.0,0.4050632911392405,0.25316455696202533,0.012658227848101266,0.21518987341772153,0.0,0.31645569620253167,0.0,0.0,0.0,0.012658227848101266
2017-08-19,0.0,0.0,0.0,0.0,0.0,0.1875,0.1125,0.15,0.275,0.0,0.0,0.0,0.2,0.0,0.0,0.0,0.0,0.4,0.25,0.0125,0.25,0.0,0.3125,0.0,0.0,0.0,0.0125
2017-08-26,0.0,0.0,0.0,0.0,0.0,0.23529411764705882,0.12941176470588237,0.16470588235294117,0.24705882352941178,0.0,0.0,0.0,0.17647058823529413,0.0,0.0,0.0,0.0,0.4,0.23529411764705882,0.011764705882352941,0.2235294117647059,0.0,0.29411764705882354,0.0,0.0,0.0,0.0
2017-09-02,0.0,0.0,0.0,0.0,0.0,0.23529411764705882,0.12941176470588237,0.16470588235294117,0.23529411764705882,0.0,0.0,0.0,0.18823529411764706,0.0,0.0,0.0,0.0,0.38823529411764707,0.24705882352941178,0.011764705882352941,0.2,0.0,0.3176470588235294,0.0,0.0,0.0,0.0
2017-09-09,0.0,0.0,0.0,0.0,0.0,0.24390243902439024,0.13414634146341464,0.17073170731707318,0.21951219512195122,0.0,0.0,0.0,0.18292682926829268,0.0,0.0,0.0,0.0,0.3902439024390244,0.23170731707317074,0.012195121951219513,0.18292682926829268,0.0,0.3048780487804878,0.0,0.0,0.0,0.0
2017-09-16,0.0,0.0,0.0,0.0,0.0,0.2112676056338028,0.11267605633802817,0.15492957746478872,0.22535211267605634,0.0,0.0,0.0,0.22535211267605634,0.0,0.0,0.0,0.0,0.38028169014084506,0.2535211267605634,0.014084507042253521,0.22535211267605634,0.0,0.323943661971831,0.0,0.0,0.0,0.0
2017-09-23,0.0,0.0,0.0,0.0,0.0,0.1951219512195122,0.10975609756097561,0.14634146341463414,0.2073170731707317,0.0,0.0,0.0,0.18292682926829268,0.0,0.0,0.0,0.0,0.35365853658536583,0.2926829268292683,0.024390243902439025,0.2073170731707317,0.0,0.34146341463414637,0.0,0.0,0.0,0.0
2017-09-30,0.0,0.0,0.0,0.0,0.0,0.21686746987951808,0.10843373493975904,0.14457831325301204,0.21686746987951808,0.0,0.0,0.0,0.18072289156626506,0.0,0.0,0.0,0.0,0.3855421686746988,0.2891566265060241,0.024096385542168676,0.20481927710843373,0.0,0.3253012048192771,0.0,0.0,0.0,0.0
2017-10-07,0.0,0.0,0.0,0.0,0.0,0.21839080459770116,0.11494252873563218,0.14942528735632185,0.22988505747126436,0.0,0.0,0.0,0.1839080459770115,0.0,0.0,0.0,0.0,0.39080459770114945,0.2988505747126437,0.034482758620689655,0.20689655172413793,0.0,0.3333333333333333,0.0,0.0,0.0,0.0
2017-10-14,0.0,0.0,0.0,0.0,0.0,0.21176470588235294,0.11764705882352941,0.15294117647058825,0.23529411764705882,0.0,0.0,0.0,0.17647058823529413,0.0,0.0,0.0,0.0,0.4117647058823529,0.2823529411764706,0.03529411764705882,0.21176470588235294,0.0,0.32941176470588235,0.0,0.0,0.0,0.0
2017-10-21,0.0,0.0,0.0,0.0,0.0,0.25,0.14285714285714285,0.17857142857142858,0.19047619047619047,0.0,0.0,0.0,0.16666666666666666,0.0,0.0,0.0,0.0,0.36904761904761907,0.27380952380952384,0.03571428571428571,0.17857142857142858,0.0,0.34523809523809523,0.0,0.0,0.0,0.0
2017-10-28,0.0,0.0,0.0,0.0,0.0,0.23529411764705882,0.1411764705882353,0.16470588235294117,0.21176470588235294,0.0,0.0,0.0,0.1411764705882353,0.0,0.0,0.0,0.0,0.38823529411764707,0.2823529411764706,0.03529411764705882,0.18823529411764706,0.0,0.3411764705882353,0.0,0.0,0.0,0.011764705882352941
2017-11-04,0.0,0.0,0.0,0.0,0.0,0.24691358024691357,0.14814814814814814,0.1728395061728395,0.24691358024691357,0.0,0.0,0.0,0.13580246913580246,0.0,0.0,0.0,0.0,0.4074074074074074,0.2716049382716049,0.037037037037037035,0.2222222222222222,0.0,0.32098765432098764,0.0,0.0,0.0,0.012345679012345678
2017-11-11,0.0,0.0,0.0,0.0,0.0,0.23376623376623376,0.12987012987012986,0.15584415584415584,0.23376623376623376,0.0,0.0,0.0,0.15584415584415584,0.0,0.0,0.0,0.0,0.38961038961038963,0.2987012987012987,0.03896103896103896,0.2077922077922078,0.0,0.35064935064935066,0.0,0.0,0.0,0.012987012987012988
2017-11-18,0.0,0.0,0.0,0.0,0.0,0.23076923076923078,0.1282051282051282,0.15384615384615385,0.2564102564102564,0.0,0.0,0.0,0.15384615384615385,0.0,0.0,0.0,0.0,0.41025641025641024,0.28205128205128205,0.05128205128205128,0.24358974358974358,0.0,0.3333333333333333,0.0,0.0,0.0,0.01282051282051282
2017-11-25,0.0,0.0,0.0,0.0,0.0,0.2,0.1,0.125,0.2375,0.0,0.0,0.0,0.1625,0.0,0.0,0.0,0.0,0.375,0.3375,0.0375,0.225,0.0,0.375,0.0,0.0,0.0,0.0125
2017-12-02,0.0,0.0,0.0,0.0,0.0,0.2,0.1,0.125,0.225,0.0,0.0,0.0,0.15,0.0,0.0,0.0,0.0,0.375,0.3125,0.0375,0.2375,0.0,0.3625,0.0,0.0,0.0,0.0125
2017-12-09,0.0,0.0,0.0,0.0,0.0,0.1794871794871795,0.08974358974358974,0.10256410256410256,0.24358974358974358,0.0,0.0,0.0,0.16666666666666666,0.0,0.0,0.0,0.0,0.358974358974359,0.3076923076923077,0.05128205128205128,0.23076923076923078,0.0,0.3717948717948718,0.0,0.0,0.0,0.01282051282051282
2017-12-16,0.0,0.0,0.0,0.0,0.0,0.1625,0.0875,0.1125,0.25,0.0,0.0,0.0,0.1625,0.0,0.0,0.0,0.0,0.375,0.2875,0.05,0.25,0.0,0.35,0.0,0.0,0.0,0.025
2017-12-23,0.0,0.0,0.0,0.0,0.0,0.16666666666666666,0.08974358974358974,0.10256410256410256,0.23076923076923078,0.0,0.0,0.0,0.15384615384615385,0.0,0.0,0.0,0.0,0.3717948717948718,0.28205128205128205,0.038461538461538464,0.20512820512820512,0.0,0.3333333333333333,0.0,0.0,0.0,0.05128205128205128
2017-12-30,0.09302325581395349,0.0,0.046511627906976744,0.0,0.0,0.1744186046511628,0.10465116279069768,0.11627906976744186,0.20930232558139536,0.0,0.0,0.0,0.1511627906976744,0.0,0.023255813953488372,0.0,0.0,0.3372093023255814,0.2558139534883721,0.023255813953488372,0.18604651162790697,0.0,0.27906976744186046,0.0,0.0,0.0,0.046511627906976744
2018-01-06,0.09523809523809523,0.0,0.047619047619047616,0.0,0.0,0.15476190476190477,0.09523809523809523,0.10714285714285714,0.20238095238095238,0.0,0.0,0.0,0.16666666666666666,0.0,0.023809523809523808,0.0,0.0,0.3333333333333333,0.25,0.023809523809523808,0.17857142857142858,0.0,0.2976190476190476,0.0,0.0,0.0,0.03571428571428571
2018-01-13,0.0,0.0,0.0,0.0,0.0,0.17333333333333334,0.10666666666666667,0.12,0.2,0.0,0.0,0.0,0.17333333333333334,0.0,0.0,0.0,0.0,0.36,0.30666666666666664,0.02666666666666667,0.2,0.0,0.3333333333333333,0.0,0.0,0.0,0.013333333333333334
2018-01-20,0.0,0.0,0.0,0.0,0.0,0.1927710843373494,0.0963855421686747,0.12048192771084337,0.1686746987951807,0.0,0.0,0.0,0.1566265060240964,0.0,0.0,0.0,0.0,0.3132530120481928,0.27710843373493976,0.03614457831325301,0.1686746987951807,0.0,0.30120481927710846,0.0,0.0,0.0,0.012048192771084338
2018-01-27,0.0,0.0,0.0,0.0,0.0,0.18292682926829268,0.0975609756097561,0.12195121951219512,0.18292682926829268,0.0,0.0,0.0,0.15853658536585366,0.0,0.0,0.0,0.0,0.3048780487804878,0.2682926829268293,0.024390243902439025,0.17073170731707318,0.0,0.3170731707317073,0.0,0.0,0.0,0.012195121951219513
2018-02-03,0.0,0.0,0.0,0.0,0.0,0.18072289156626506,0.0963855421686747,0.12048192771084337,0.1927710843373494,0.0,0.0,0.0,0.1686746987951807,0.0,0.0,0.0,0.0,0.30120481927710846,0.26506024096385544,0.024096385542168676,0.18072289156626506,0.0,0.3132530120481928,0.0,0.0,0.0,0.012048192771084338
2018-02-10,0.0,0.0,0.0,0.0,0.0,0.16,0.08,0.10666666666666667,0.18666666666666668,0.0,0.0,0.0,0.2,0.0,0.0,0.0,0.0,0.3333333333333333,0.26666666666666666,0.02666666666666667,0.2,0.0,0.32,0.0,0.0,0.0,0.013333333333333334
2018-02-17,0.0,0.0,0.0,0.0,0.0,0.16455696202531644,0.08860759493670886,0.11392405063291139,0.20253164556962025,0.0,0.0,0.0,0.20253164556962025,0.0,0.0,0.0,0.0,0.3291139240506329,0.31645569620253167,0.02531645569620253,0.20253164556962025,0.0,0.35443037974683544,0.0,0.0,0.0,0.012658227848101266
2018-02-24,0.0,0.0,0.0,0.0,0.0,0.16455696202531644,0.08860759493670886,0.11392405063291139,0.20253164556962025,0.0,0.0,0.0,0.20253164556962025,0.0,0.0,0.0,0.0,0.3291139240506329,0.3037974683544304,0.02531645569620253,0.20253164556962025,0.0,0.34177215189873417,0.0,0.0,0.0,0.012658227848101266
2018-03-03,0.0,0.0,0.0,0.0,0.0,0.1511627906976744,0.08139534883720931,0.10465116279069768,0.18604651162790697,0.0,0.0,0.0,0.20930232558139536,0.0,0.0,0.0,0.0,0.32558139534883723,0.3023255813953488,0.023255813953488372,0.18604651162790697,0.0,0.36046511627906974,0.0,0.0,0.0,0.023255813953488372
2018-03-10,0.0,0.0,0.0,0.0,0.0,0.14814814814814814,0.08641975308641975,0.1111111111111111,0.1728395061728395,0.0,0.0,0.0,0.19753086419753085,0.0,0.0,0.0,0.0,0.30864197530864196,0.30864197530864196,0.012345679012345678,0.16049382716049382,0.0,0.345679012345679,0.0,0.0,0.0,0.024691358024691357
2018-03-17,0.0,0.0,0.0,0.0,0.0,0.13924050632911392,0.0759493670886076,0.10126582278481013,0.17721518987341772,0.0,0.0,0.0,0.189873417721519,0.0,0.0,0.0,0.0,0.3037974683544304,0.2911392405063291,0.012658227848101266,0.16455696202531644,0.0,0.35443037974683544,0.0,0.0,0.0,0.02531645569620253
2018-03-24,0.0,0.0,0.0,0.0,0.0,0.15,0.0875,0.1125,0.2,0.0,0.0,0.0,0.225,0.0125,0.0,0.0,0.0,0.3125,0.3125,0.0125,0.175,0.0,0.375,0.0,0.0,0.0,0.025
2018-03-31,0.0,0.0,0.0,0.0,0.0,0.15384615384615385,0.08974358974358974,0.11538461538461539,0.19230769230769232,0.0,0.0,0.0,0.20512820512820512,0.01282051282051282,0.0,0.0,0.0,0.32051282051282054,0.3076923076923077,0.01282051282051282,0.19230769230769232,0.0,0.358974358974359,0.0,0.0,0.0,0.02564102564102564
2018-04-07,0.0,0.0,0.0,0.0,0.0,0.16666666666666666,0.08333333333333333,0.10714285714285714,0.16666666666666666,0.0,0.0,0.0,0.19047619047619047,0.011904761904761904,0.0,0.0,0.0,0.30952380952380953,0.30952380952380953,0.011904761904761904,0.17857142857142858,0.0,0.35714285714285715,0.011904761904761904,0.0,0.0,0.023809523809523808
2018-04-14,0.0,0.0,0.0,0.0,0.0,0.20253164556962025,0.10126582278481013,0.13924050632911392,0.17721518987341772,0.0,0.0,0.0,0.16455696202531644,0.012658227848101266,0.0,0.0,0.0,0.34177215189873417,0.27848101265822783,0.012658227848101266,0.189873417721519,0.0,0.2911392405063291,0.012658227848101266,0.0,0.0,0.02531645569620253
2018-04-21,0.0,0.0,0.0,0.0,0.0,0.19480519480519481,0.1038961038961039,0.12987012987012986,0.15584415584415584,0.0,0.0,0.0,0.16883116883116883,0.012987012987012988,0.0,0.0,0.0,0.38961038961038963,0.3116883116883117,0.012987012987012988,0.19480519480519481,0.0,0.3116883116883117,0.012987012987012988,0.0,0.0,0.03896103896103896
2018-04-28,0.0,0.0,0.0,0.0,0.0,0.16470588235294117,0.10588235294117647,0.12941176470588237,0.15294117647058825,0.0,0.0,0.0,0.15294117647058825,0.023529411764705882,0.0,0.0,0.0,0.4588235294117647,0.4117647058823529,0.011764705882352941,0.17647058823529413,0.0,0.4117647058823529,0.011764705882352941,0.0,0.0,0.03529411764705882
2018-05-05,0.0,0.0,0.0,0.0,0.0,0.17567567567567569,0.10810810810810811,0.12162162162162163,0.14864864864864866,0.0,0.0,0.0,0.14864864864864866,0.02702702702702703,0.0,0.0,0.0,0.4189189189189189,0.36486486486486486,0.013513513513513514,0.1891891891891892,0.0,0.3783783783783784,0.013513513513513514,0.0,0.0,0.04054054054054054
2018-05-12,0.0,0.0,0.0,0.0,0.0,0.16216216216216217,0.0945945945945946,0.12162162162162163,0.14864864864864866,0.0,0.0,0.0,0.20270270270270271,0.013513513513513514,0.0,0.0,0.0,0.40540540540540543,0.3783783783783784,0.013513513513513514,0.1891891891891892,0.0,0.3918918918918919,0.013513513513513514,0.0,0.0,0.04054054054054054
2018-05-19,0.0,0.0,0.0,0.0,0.0,0.15476190476190477,0.09523809523809523,0.10714285714285714,0.13095238095238096,0.0,0.0,0.0,0.14285714285714285,0.011904761904761904,0.0,0.0,0.0,0.34523809523809523,0.2857142857142857,0.011904761904761904,0.16666666666666666,0.0,0.4523809523809524,0.011904761904761904,0.0,0.0,0.03571428571428571
2018-05-26,0.0,0.0,0.0,0.0,0.0,0.16666666666666666,0.08333333333333333,0.10714285714285714,0.14285714285714285,0.0,0.0,0.0,0.15476190476190477,0.011904761904761904,0.0,0.0,0.0,0.34523809523809523,0.2857142857142857,0.011904761904761904,0.17857142857142858,0.0,0.42857142857142855,0.011904761904761904,0.0,0.0,0.03571428571428571
2018-06-02,0.0,0.0,0.0,0.0,0.0,0.1566265060240964,0.08433734939759036,0.10843373493975904,0.14457831325301204,0.0,0.0,0.0,0.1686746987951807,0.012048192771084338,0.0,0.0,0.0,0.3493975903614458,0.26506024096385544,0.012048192771084338,0.1927710843373494,0.0,0.3855421686746988,0.012048192771084338,0.0,0.0,0.024096385542168676
2018-06-09,0.0,0.0,0.0,0.0,0.0,0.16455696202531644,0.08860759493670886,0.11392405063291139,0.13924050632911392,0.0,0.0,0.0,0.16455696202531644,0.0,0.0,0.0,0.0,0.35443037974683544,0.26582278481012656,0.012658227848101266,0.189873417721519,0.0,0.379746835443038,0.012658227848101266,0.0,0.0,0.02531645569620253
2018-06-16,0.0,0.0,0.0,0.0,0.0,0.1518987341772152,0.0759493670886076,0.10126582278481013,0.13924050632911392,0.0,0.0,0.0,0.1518987341772152,0.0,0.0,0.0,0.0,0.379746835443038,0.27848101265822783,0.02531645569620253,0.189873417721519,0.0,0.3670886075949367,0.012658227848101266,0.0,0.0,0.02531645569620253
2018-06-23,0.0,0.0,0.0,0.0,0.0,0.18292682926829268,0.08536585365853659,0.10975609756097561,0.14634146341463414,0.0,0.0,0.0,0.12195121951219512,0.0,0.0,0.0,0.0,0.3780487804878049,0.2682926829268293,0.024390243902439025,0.1951219512195122,0.0,0.34146341463414637,0.012195121951219513,0.0,0.0,0.024390243902439025
2018-06-30,0.0,0.0,0.0,0.0,0.0,0.14864864864864866,0.08108108108108109,0.10810810810810811,0.16216216216216217,0.0,0.0,0.0,0.13513513513513514,0.0,0.0,0.0,0.0,0.40540540540540543,0.2702702702702703,0.02702702702702703,0.21621621621621623,0.0,0.33783783783783783,0.013513513513513514,0.0,0.0,0.02702702702702703
2018-07-07,0.0,0.0,0.0,0.0,0.0,0.14814814814814814,0.08641975308641975,0.1111111111111111,0.14814814814814814,0.0,0.0,0.0,0.12345679012345678,0.012345679012345678,0.0,0.0,0.0,0.38271604938271603,0.2716049382716049,0.024691358024691357,0.19753086419753085,0.0,0.3333333333333333,0.012345679012345678,0.0,0.0,0.037037037037037035
2018-07-14,0.0,0.0,0.0,0.0,0.0,0.20967741935483872,0.12903225806451613,0.14516129032258066,0.16129032258064516,0.0,0.0,0.0,0.11290322580645161,0.016129032258064516,0.0,0.0,0.0,0.3548387096774194,0.24193548387096775,0.016129032258064516,0.22580645161290322,0.0,0.3225806451612903,0.016129032258064516,0.0,0.0,0.016129032258064516
2018-07-21,0.0,0.0,0.0,0.0,0.0,0.21052631578947367,0.11842105263157894,0.13157894736842105,0.15789473684210525,0.0,0.0,0.0,0.27631578947368424,0.013157894736842105,0.0,0.0,0.0,0.3157894736842105,0.3815789473684211,0.013157894736842105,0.18421052631578946,0.0,0.42105263157894735,0.013157894736842105,0.0,0.0,0.013157894736842105
2018-07-28,0.0,0.0,0.0,0.0,0.0,0.21333333333333335,0.12,0.13333333333333333,0.18666666666666668,0.0,0.0,0.0,0.2,0.013333333333333334,0.0,0.0,0.0,0.36,0.30666666666666664,0.013333333333333334,0.2,0.0,0.3466666666666667,0.02666666666666667,0.0,0.0,0.013333333333333334
2018-08-04,0.0,0.0,0.0,0.0,0.0,0.21686746987951808,0.12048192771084337,0.14457831325301204,0.18072289156626506,0.0,0.0,0.0,0.1566265060240964,0.012048192771084338,0.0,0.0,0.0,0.3614457831325301,0.27710843373493976,0.012048192771084338,0.1927710843373494,0.0,0.30120481927710846,0.024096385542168676,0.0,0.0,0.012048192771084338
2018-08-11,0.0,0.0,0.0,0.0,0.0,0.21348314606741572,0.11235955056179775,0.14606741573033707,0.19101123595505617,0.0,0.0,0.0,0.1348314606741573,0.02247191011235955,0.0,0.0,0.0,0.3707865168539326,0.25842696629213485,0.02247191011235955,0.21348314606741572,0.0,0.2808988764044944,0.02247191011235955,0.0,0.0,0.02247191011235955
2018-08-18,0.0,0.0,0.0,0.0,0.0,0.22077922077922077,0.11688311688311688,0.15584415584415584,0.22077922077922077,0.0,0.0,0.0,0.15584415584415584,0.025974025974025976,0.0,0.0,0.0,0.4025974025974026,0.2597402597402597,0.025974025974025976,0.23376623376623376,0.0,0.2727272727272727,0.012987012987012988,0.0,0.0,0.025974025974025976
2018-08-25,0.0,0.0,0.0,0.0,0.0,0.16470588235294117,0.08235294117647059,0.10588235294117647,0.2,0.0,0.0,0.0,0.11764705882352941,0.023529411764705882,0.0,0.0,0.0,0.38823529411764707,0.2235294117647059,0.023529411764705882,0.23529411764705882,0.0,0.35294117647058826,0.011764705882352941,0.0,0.0,0.03529411764705882
2018-09-01,0.0,0.0,0.0,0.0,0.0,0.189873417721519,0.08860759493670886,0.11392405063291139,0.22784810126582278,0.0,0.0,0.0,0.12658227848101267,0.0379746835443038,0.0,0.0,0.0,0.43037974683544306,0.25316455696202533,0.02531645569620253,0.26582278481012656,0.0,0.3037974683544304,0.012658227848101266,0.0,0.0,0.0379746835443038
2018-09-08,0.0,0.0,0.0,0.0,0.0,0.17647058823529413,0.09411764705882353,0.12941176470588237,0.2,0.0,0.0,0.0,0.11764705882352941,0.023529411764705882,0.0,0.0,0.0,0.4,0.24705882352941178,0.023529411764705882,0.21176470588235294,0.0,0.29411764705882354,0.011764705882352941,0.0,0.0,0.03529411764705882
2018-09-15,0.0,0.0,0.0,0.0,0.0,0.17857142857142858,0.08333333333333333,0.13095238095238096,0.16666666666666666,0.0,0.0,0.0,0.14285714285714285,0.011904761904761904,0.0,0.0,0.0,0.38095238095238093,0.2619047619047619,0.023809523809523808,0.20238095238095238,0.0,0.30952380952380953,0.011904761904761904,0.0,0.0,0.023809523809523808
2018-09-22,0.0,0.0,0.0,0.0,0.0,0.17777777777777778,0.08888888888888889,0.13333333333333333,0.15555555555555556,0.0,0.0,0.0,0.2,0.011111111111111112,0.0,0.0,0.0,0.35555555555555557,0.23333333333333334,0.022222222222222223,0.18888888888888888,0.0,0.34444444444444444,0.011111111111111112,0.0,0.0,0.022222222222222223
2018-09-29,0.0,0.0,0.0,0.0,0.0,0.20224719101123595,0.0898876404494382,0.1348314606741573,0.15730337078651685,0.0,0.0,0.0,0.1797752808988764,0.011235955056179775,0.0,0.0,0.0,0.3707865168539326,0.2247191011235955,0.02247191011235955,0.1797752808988764,0.0,0.33707865168539325,0.011235955056179775,0.0,0.0,0.02247191011235955
2018-10-06,0.0,0.0,0.0,0.0,0.0,0.19148936170212766,0.0851063829787234,0.1276595744680851,0.14893617021276595,0.0,0.0,0.0,0.1702127659574468,0.010638297872340425,0.0,0.0,0.0,0.3617021276595745,0.24468085106382978,0.02127659574468085,0.1702127659574468,0.0,0.35106382978723405,0.010638297872340425,0.0,0.0,0.02127659574468085
2018-10-13,0.0,0.0,0.0,0.0,0.0,0.19736842105263158,0.07894736842105263,0.11842105263157894,0.17105263157894737,0.0,0.0,0.0,0.14473684210526316,0.0,0.0,0.0,0.0,0.39473684210526316,0.25,0.02631578947368421,0.19736842105263158,0.0,0.3157894736842105,0.013157894736842105,0.0,0.0,0.02631578947368421
2018-10-20,0.0,0.0,0.0,0.0,0.0,0.17073170731707318,0.06097560975609756,0.0975609756097561,0.17073170731707318,0.0,0.0,0.0,0.2073170731707317,0.0,0.0,0.0,0.0,0.3780487804878049,0.2926829268292683,0.024390243902439025,0.17073170731707318,0.0,0.35365853658536583,0.012195121951219513,0.0,0.0,0.024390243902439025
2018-10-27,0.0,0.0,0.0,0.0,0.0,0.17045454545454544,0.06818181818181818,0.10227272727272728,0.19318181818181818,0.0,0.0,0.0,0.17045454545454544,0.0,0.0,0.0,0.0,0.38636363636363635,0.26136363636363635,0.022727272727272728,0.17045454545454544,0.0,0.3409090909090909,0.011363636363636364,0.0,0.0,0.022727272727272728
2018-11-03,0.0,0.0,0.0,0.0,0.0,0.1724137931034483,0.05747126436781609,0.09195402298850575,0.1839080459770115,0.0,0.0,0.0,0.1724137931034483,0.0,0.0,0.0,0.0,0.3793103448275862,0.26436781609195403,0.022988505747126436,0.16091954022988506,0.0,0.3448275862068966,0.011494252873563218,0.0,0.0,0.022988505747126436
2018-11-10,0.0,0.0,0.0,0.0,0.0,0.17582417582417584,0.06593406593406594,0.0989010989010989,0.16483516483516483,0.0,0.0,0.0,0.17582417582417584,0.0,0.0,0.0,0.0,0.38461538461538464,0.27472527472527475,0.01098901098901099,0.13186813186813187,0.0,0.3626373626373626,0.0,0.0,0.0,0.02197802197802198
2018-11-17,0.0,0.0,0.0,0.0,0.0,0.13333333333333333,0.03333333333333333,0.05555555555555555,0.15555555555555556,0.0,0.0,0.0,0.17777777777777778,0.0,0.0,0.0,0.0,0.4,0.3,0.011111111111111112,0.12222222222222222,0.0,0.3888888888888889,0.0,0.0,0.0,0.022222222222222223
2018-11-24,0.0,0.0,0.0,0.0,0.0,0.12359550561797752,0.033707865168539325,0.0449438202247191,0.1348314606741573,0.0,0.0,0.0,0.19101123595505617,0.0,0.0,0.0,0.0,0.3707865168539326,0.3146067415730337,0.011235955056179775,0.11235955056179775,0.0,0.39325842696629215,0.011235955056179775,0.0,0.0,0.02247191011235955
2018-12-01,0.0,0.0,0.0,0.0,0.0,0.17391304347826086,0.07608695652173914,0.08695652173913043,0.09782608695652174,0.0,0.0,0.0,0.17391304347826086,0.0,0.0,0.0,0.0,0.32608695652173914,0.2826086956521739,0.010869565217391304,0.10869565217391304,0.0,0.3804347826086957,0.010869565217391304,0.0,0.0,0.021739130434782608
2018-12-08,0.0,0.0,0.0,0.0,0.0,0.16483516483516483,0.07692307692307693,0.08791208791208792,0.12087912087912088,0.0,0.0,0.0,0.15384615384615385,0.0,0.0,0.0,0.0,0.37362637362637363,0.27472527472527475,0.01098901098901099,0.10989010989010989,0.0,0.3626373626373626,0.0,0.0,0.0,0.04395604395604396
2018-12-15,0.12195121951219512,0.0,0.04878048780487805,0.0,0.0,0.0975609756097561,0.036585365853658534,0.036585365853658534,0.12195121951219512,0.0,0.0,0.0,0.0975609756097561,0.0,0.024390243902439025,0.0,0.024390243902439025,0.32926829268292684,0.2073170731707317,0.012195121951219513,0.0975609756097561,0.0,0.25609756097560976,0.0,0.0,0.0,0.04878048780487805
2018-12-22,0.13186813186813187,0.0,0.04395604395604396,0.0,0.0,0.08791208791208792,0.03296703296703297,0.03296703296703297,0.13186813186813187,0.0,0.0,0.0,0.15384615384615385,0.01098901098901099,0.02197802197802198,0.0,0.02197802197802198,0.3076923076923077,0.26373626373626374,0.01098901098901099,0.0989010989010989,0.0,0.31868131868131866,0.0,0.0,0.0,0.04395604395604396
2018-12-29,0.15789473684210525,0.0,0.06315789473684211,0.0,0.0,0.12631578947368421,0.06315789473684211,0.06315789473684211,0.11578947368421053,0.0,0.0,0.0,0.11578947368421053,0.010526315789473684,0.021052631578947368,0.021052631578947368,0.021052631578947368,0.28421052631578947,0.23157894736842105,0.010526315789473684,0.08421052631578947,0.0,0.28421052631578947,0.0,0.0,0.0,0.042105263157894736
2019-01-05,0.1958762886597938,0.0,0.08247422680412371,0.0,0.0,0.12371134020618557,0.061855670103092786,0.061855670103092786,0.15463917525773196,0.0,0.0,0.0,0.09278350515463918,0.0,0.020618556701030927,0.030927835051546393,0.020618556701030927,0.32989690721649484,0.18556701030927836,0.020618556701030927,0.1134020618556701,0.0,0.23711340206185566,0.0,0.0,0.0,0.041237113402061855
2019-01-12,0.0,0.0,0.0,0.0,0.0,0.1518987341772152,0.0759493670886076,0.0759493670886076,0.1518987341772152,0.0,0.0,0.0,0.11392405063291139,0.0,0.0,0.0,0.0,0.35443037974683544,0.31645569620253167,0.012658227848101266,0.12658227848101267,0.0,0.4050632911392405,0.0,0.0,0.0,0.02531645569620253
2019-01-19,0.0,0.0,0.0,0.0,0.0,0.19607843137254902,0.09803921568627451,0.09803921568627451,0.1568627450980392,0.0,0.0,0.0,0.09803921568627451,0.00980392156862745,0.0,0.0,0.0,0.3627450980392157,0.27450980392156865,0.00980392156862745,0.12745098039215685,0.0,0.3627450980392157,0.0,0.0,0.0,0.0196078431372549
2019-01-26,0.0,0.0,0.0,0.0,0.0,0.1919191919191919,0.09090909090909091,0.09090909090909091,0.16161616161616163,0.0,0.0,0.0,0.10101010101010101,0.010101010101010102,0.0,0.0,0.0,0.37373737373737376,0.2828282828282828,0.010101010101010102,0.12121212121212122,0.0,0.37373737373737376,0.0,0.0,0.0,0.020202020202020204
2019-02-02,0.0,0.0,0.0,0.0,0.0,0.16483516483516483,0.08791208791208792,0.08791208791208792,0.17582417582417584,0.0,0.0,0.0,0.0989010989010989,0.0,0.0,0.0,0.0,0.4175824175824176,0.2857142857142857,0.01098901098901099,0.14285714285714285,0.0,0.3516483516483517,0.0,0.0,0.0,0.03296703296703297
2019-02-09,0.0,0.0,0.0,0.0,0.0,0.15625,0.08333333333333333,0.08333333333333333,0.16666666666666666,0.0,0.0,0.0,0.125,0.0,0.0,0.0,0.0,0.3958333333333333,0.3020833333333333,0.010416666666666666,0.13541666666666666,0.0,0.3645833333333333,0.0,0.0,0.0,0.03125
2019-02-16,0.0,0.0,0.0,0.0,0.0,0.17475728155339806,0.08737864077669903,0.08737864077669903,0.1553398058252427,0.0,0.0,0.0,0.13592233009708737,0.0,0.0,0.0,0.0,0.4077669902912621,0.3106796116504854,0.009708737864077669,0.13592233009708737,0.0,0.36893203883495146,0.0,0.0,0.0,0.038834951456310676
2019-02-23,0.0,0.0,0.0,0.0,0.0,0.1875,0.08333333333333333,0.09375,0.15625,0.0,0.0,0.0,0.10416666666666667,0.0,0.0,0.0,0.0,0.375,0.3020833333333333,0.010416666666666666,0.11458333333333333,0.0,0.375,0.0,0.0,0.0,0.03125
2019-03-02,0.0,0.0,0.0,0.0,0.0,0.15384615384615385,0.057692307692307696,0.07692307692307693,0.22115384615384615,0.0,0.0,0.0,0.0673076923076923,0.0,0.0,0.0,0.0,0.4423076923076923,0.2403846153846154,0.009615384615384616,0.18269230769230768,0.0,0.3076923076923077,0.0,0.0,0.0,0.019230769230769232
2019-03-09,0.0,0.0,0.0,0.0,0.0,0.17346938775510204,0.08163265306122448,0.09183673469387756,0.1836734693877551,0.0,0.0,0.0,0.08163265306122448,0.0,0.0,0.0,0.0,0.3877551020408163,0.2755102040816326,0.01020408163265306,0.15306122448979592,0.0,0.3163265306122449,0.0,0.0,0.0,0.02040816326530612
2019-03-16,0.0,0.0,0.0,0.0,0.0,0.19387755102040816,0.08163265306122448,0.11224489795918367,0.16326530612244897,0.0,0.0,0.0,0.08163265306122448,0.0,0.0,0.0,0.0,0.35714285714285715,0.2755102040816326,0.01020408163265306,0.1326530612244898,0.0,0.3163265306122449,0.0,0.0,0.0,0.02040816326530612
2019-03-23,0.0,0.0,0.0,0.0,0.0,0.23148148148148148,0.10185185185185185,0.16666666666666666,0.12962962962962962,0.0,0.0,0.0,0.08333333333333333,0.0,0.0,0.0,0.0,0.35185185185185186,0.26851851851851855,0.018518518518518517,0.10185185185185185,0.0,0.26851851851851855,0.0,0.0,0.0,0.018518518518518517
2019-03-30,0.0,0.0,0.0,0.0,0.0,0.23931623931623933,0.10256410256410256,0.1623931623931624,0.1111111111111111,0.0,0.0,0.0,0.08547008547008547,0.0,0.0,0.0,0.0,0.3333333333333333,0.24786324786324787,0.017094017094017096,0.09401709401709402,0.0,0.24786324786324787,0.0,0.0,0.0,0.008547008547008548
2019-04-06,0.0,0.0,0.0,0.0,0.0,0.2542372881355932,0.11016949152542373,0.1694915254237288,0.13559322033898305,0.0,0.0,0.0,0.0847457627118644,0.0,0.0,0.0,0.0,0.3474576271186441,0.2457627118644068,0.01694915254237288,0.11864406779661017,0.0,0.2457627118644068,0.0,0.0,0.0,0.00847457627118644
2019-04-13,0.0,0.0,0.0,0.0,0.0,0.24528301886792453,0.10377358490566038,0.16981132075471697,0.14150943396226415,0.0,0.0,0.0,0.08490566037735849,0.0,0.0,0.0,0.0,0.36792452830188677,0.24528301886792453,0.018867924528301886,0.1320754716981132,0.0,0.2358490566037736,0.0,0.0,0.0,0.009433962264150943
2019-04-20,0.0,0.0,0.0,0.0,0.0,0.21487603305785125,0.09917355371900827,0.15702479338842976,0.1322314049586777,0.0,0.0,0.0,0.10743801652892562,0.0,0.0,0.0,0.0,0.4049586776859504,0.23140495867768596,0.01652892561983471,0.12396694214876033,0.0,0.24793388429752067,0.0,0.0,0.0,0.008264462809917356
2019-04-27,0.0,0.0,0.0,0.0,0.0,0.21138211382113822,0.0975609756097561,0.15447154471544716,0.13821138211382114,0.0,0.0,0.0,0.0975609756097561,0.0,0.0,0.0,0.0,0.42276422764227645,0.23577235772357724,0.032520325203252036,0.13008130081300814,0.0,0.23577235772357724,0.0,0.0,0.0,0.008130081300813009
2019-05-04,0.0,0.0,0.0,0.0,0.0,0.20930232558139536,0.10852713178294573,0.16279069767441862,0.12403100775193798,0.0,0.0,0.0,0.09302325581395349,0.0,0.0,0.0,0.0,0.40310077519379844,0.24031007751937986,0.031007751937984496,0.11627906976744186,0.0,0.24031007751937986,0.0,0.0,0.0,0.007751937984496124
2019-05-11,0.007633587786259542,0.0,0.0,0.0,0.0,0.20610687022900764,0.11450381679389313,0.16030534351145037,0.1450381679389313,0.0,0.0,0.0,0.0916030534351145,0.0,0.0,0.0,0.0,0.3969465648854962,0.2595419847328244,0.030534351145038167,0.1297709923664122,0.0,0.2366412213740458,0.0,0.0,0.0,0.007633587786259542
2019-05-18,0.007633587786259542,0.0,0.0,0.0,0.0,0.22137404580152673,0.1297709923664122,0.17557251908396945,0.13740458015267176,0.0,0.0,0.0,0.0916030534351145,0.0,0.0,0.0,0.0,0.3816793893129771,0.26717557251908397,0.030534351145038167,0.12213740458015267,0.0,0.24427480916030533,0.0,0.0,0.0,0.007633587786259542
2019-05-25,0.007194244604316547,0.0,0.0,0.0,0.0,0.23741007194244604,0.1223021582733813,0.16546762589928057,0.12949640287769784,0.0,0.0,0.0,0.11510791366906475,0.0,0.0,0.0,0.0,0.4028776978417266,0.2805755395683453,0.02877697841726619,0.1366906474820144,0.0,0.2446043165467626,0.0,0.0,0.0,0.007194244604316547
2019-06-01,0.007575757575757576,0.0,0.0,0.0,0.0,0.24242424242424243,0.12878787878787878,0.16666666666666666,0.13636363636363635,0.0,0.0,0.0,0.11363636363636363,0.0,0.0,0.0,0.0,0.4015151515151515,0.2803030303030303,0.030303030303030304,0.12878787878787878,0.0,0.22727272727272727,0.0,0.0,0.0,0.007575757575757576
2019-06-08,0.0070921985815602835,0.0,0.0,0.0,0.0,0.2198581560283688,0.12056737588652482,0.15602836879432624,0.19148936170212766,0.0,0.0,0.0,0.1702127659574468,0.0,0.0,0.0,0.0,0.4326241134751773,0.3120567375886525,0.02127659574468085,0.1347517730496454,0.0,0.2765957446808511,0.0,0.0,0.0,0.0070921985815602835
2019-06-15,0.006622516556291391,0.0,0.0,0.0,0.0,0.24503311258278146,0.1390728476821192,0.17218543046357615,0.17880794701986755,0.0,0.0,0.0,0.15894039735099338,0.0,0.0,0.0,0.0,0.4304635761589404,0.2847682119205298,0.019867549668874173,0.13245033112582782,0.0,0.271523178807947,0.0,0.0,0.0,0.0
2019-06-22,0.0064516129032258064,0.0,0.0,0.0,0.0,0.25806451612903225,0.14193548387096774,0.17419354838709677,0.17419354838709677,0.0,0.0,0.0,0.10967741935483871,0.0,0.0,0.0,0.0,0.4645161290322581,0.25806451612903225,0.01935483870967742,0.14193548387096774,0.0,0.23225806451612904,0.0,0.0,0.0,0.0
2019-06-29,0.006369426751592357,0.0,0.0,0.0,0.0,0.22929936305732485,0.14012738853503184,0.16560509554140126,0.19745222929936307,0.0,0.0,0.0,0.10191082802547771,0.0,0.0,0.0,0.0,0.47770700636942676,0.25477707006369427,0.03184713375796178,0.15286624203821655,0.0,0.22929936305732485,0.0,0.0,0.0,0.0
2019-07-06,0.006369426751592357,0.0,0.0,0.0,0.0,0.21656050955414013,0.14012738853503184,0.16560509554140126,0.20382165605095542,0.0,0.0,0.0,0.12101910828025478,0.0,0.0,0.0,0.0,0.46496815286624205,0.2802547770700637,0.03184713375796178,0.1592356687898089,0.0,0.25477707006369427,0.0,0.0,0.0,0.0
2019-07-13,0.0,0.0,0.0,0.0,0.0,0.2077922077922078,0.12987012987012986,0.15584415584415584,0.19480519480519481,0.0,0.0,0.0,0.12987012987012986,0.006493506493506494,0.0,0.0,0.0,0.461038961038961,0.2987012987012987,0.01948051948051948,0.15584415584415584,0.0,0.2662337662337662,0.0,0.0,0.0,0.0
2019-07-20,0.0,0.0,0.0,0.0,0.0,0.19607843137254902,0.11764705882352941,0.1437908496732026,0.19607843137254902,0.0,0.0,0.0,0.11764705882352941,0.006535947712418301,0.0,0.0,0.0,0.47058823529411764,0.29411764705882354,0.0196078431372549,0.16993464052287582,0.0,0.23529411764705882,0.0,0.0,0.0,0.0
2019-07-27,0.0,0.0,0.0,0.0,0.0,0.19594594594594594,0.12162162162162163,0.13513513513513514,0.1891891891891892,0.0,0.0,0.0,0.12837837837837837,0.0,0.0,0.0,0.0,0.4594594594594595,0.2702702702702703,0.033783783783783786,0.16891891891891891,0.0,0.22972972972972974,0.0,0.0,0.0,0.0
2019-08-03,0.0,0.0,0.0,0.0,0.0,0.2,0.12413793103448276,0.13793103448275862,0.18620689655172415,0.0,0.0,0.0,0.1310344827586207,0.0,0.0,0.0,0.0,0.47586206896551725,0.2689655172413793,0.034482758620689655,0.16551724137931034,0.0,0.21379310344827587,0.0,0.0,0.0,0.0
2019-08-10,0.0,0.0,0.0,0.0,0.0,0.18248175182481752,0.11678832116788321,0.13138686131386862,0.21897810218978103,0.0,0.0,0.0,0.11678832116788321,0.0072992700729927005,0.0,0.0,0.0,0.49635036496350365,0.26277372262773724,0.0364963503649635,0.20437956204379562,0.0,0.2116788321167883,0.0,0.0,0.0,0.0
2019-08-17,0.0,0.0,0.0,0.0,0.0,0.1984732824427481,0.1297709923664122,0.1450381679389313,0.183206106870229,0.0,0.0,0.0,0.15267175572519084,0.0,0.0,0.0,0.0,0.4580152671755725,0.2900763358778626,0.022900763358778626,0.16793893129770993,0.0,0.22900763358778625,0.0,0.0,0.0,0.0
2019-08-24,0.0,0.0,0.0,0.0,0.0,0.2230769230769231,0.14615384615384616,0.16153846153846155,0.16153846153846155,0.0,0.0,0.0,0.14615384615384616,0.0,0.0,0.0,0.0,0.43846153846153846,0.25384615384615383,0.023076923076923078,0.17692307692307693,0.0,0.2230769230769231,0.0,0.0,0.0,0.0
2019-08-31,0.0,0.0,0.0,0.0,0.0,0.2413793103448276,0.14655172413793102,0.16379310344827586,0.14655172413793102,0.0,0.0,0.0,0.10344827586206896,0.0,0.0,0.0,0.0,0.4396551724137931,0.20689655172413793,0.02586206896551724,0.1810344827586207,0.0,0.20689655172413793,0.0,0.0,0.0,0.0
2019-09-07,0.0,0.0,0.0,0.0,0.0,0.20353982300884957,0.10619469026548672,0.12389380530973451,0.17699115044247787,0.0,0.0,0.0,0.08849557522123894,0.0,0.0,0.0,0.0,0.4778761061946903,0.23008849557522124,0.02654867256637168,0.21238938053097345,0.0,0.21238938053097345,0.0,0.0,0.0,0.0
2019-09-14,0.0,0.0,0.0,0.0,0.0,0.19130434782608696,0.08695652173913043,0.11304347826086956,0.1826086956521739,0.0,0.0,0.0,0.06956521739130435,0.0,0.0,0.0,0.0,0.5043478260869565,0.2608695652173913,0.02608695652173913,0.21739130434782608,0.0,0.2,0.0,0.0,0.0,0.0
2019-09-21,0.0,0.0,0.0,0.0,0.0,0.18627450980392157,0.0784313725490196,0.09803921568627451,0.17647058823529413,0.0,0.0,0.0,0.0784313725490196,0.0,0.0,0.0,0.0,0.5,0.28431372549019607,0.029411764705882353,0.19607843137254902,0.0,0.24509803921568626,0.0,0.0,0.0,0.0
2019-09-28,0.0,0.0,0.0,0.0,0.0,0.1926605504587156,0.08256880733944955,0.10091743119266056,0.1559633027522936,0.0,0.0,0.0,0.05504587155963303,0.0,0.0,0.0,0.0,0.45871559633027525,0.24770642201834864,0.027522935779816515,0.1743119266055046,0.0,0.29357798165137616,0.0,0.0,0.0,0.0
2019-10-05,0.0,0.0,0.0,0.0,0.0,0.20535714285714285,0.11607142857142858,0.13392857142857142,0.17857142857142858,0.0,0.0,0.0,0.08035714285714286,0.0,0.0,0.0,0.0,0.44642857142857145,0.25892857142857145,0.026785714285714284,0.17857142857142858,0.0,0.26785714285714285,0.0,0.0,0.0,0.0
2019-10-12,0.0,0.0,0.0,0.0,0.0,0.14432989690721648,0.08247422680412371,0.10309278350515463,0.17525773195876287,0.0,0.0,0.0,0.08247422680412371,0.0,0.0,0.0,0.0,0.4639175257731959,0.28865979381443296,0.041237113402061855,0.17525773195876287,0.0,0.29896907216494845,0.0,0.0,0.0,0.0
2019-10-19,0.0,0.0,0.0,0.0,0.0,0.13402061855670103,0.07216494845360824,0.09278350515463918,0.15463917525773196,0.0,0.0,0.0,0.09278350515463918,0.0,0.0,0.0,0.0,0.44329896907216493,0.29896907216494845,0.041237113402061855,0.15463917525773196,0.0,0.35051546391752575,0.0,0.0,0.0,0.0
2019-10-26,0.0,0.0,0.0,0.0,0.0,0.1368421052631579,0.06315789473684211,0.08421052631578947,0.14736842105263157,0.0,0.0,0.0,0.09473684210526316,0.0,0.0,0.0,0.0,0.4631578947368421,0.30526315789473685,0.042105263157894736,0.12631578947368421,0.0,0.3157894736842105,0.0,0.0,0.0,0.0
2019-11-02,0.0,0.0,0.0,0.0,0.0,0.16666666666666666,0.08823529411764706,0.10784313725490197,0.14705882352941177,0.0,0.0,0.0,0.08823529411764706,0.0,0.0,0.0,0.0,0.4215686274509804,0.2647058823529412,0.0392156862745098,0.12745098039215685,0.0,0.2647058823529412,0.0,0.0,0.0,0.0
2019-11-09,0.0,0.0,0.0,0.0,0.0,0.18888888888888888,0.1,0.12222222222222222,0.15555555555555556,0.0,0.0,0.0,0.07777777777777778,0.0,0.0,0.0,0.0,0.45555555555555555,0.25555555555555554,0.05555555555555555,0.15555555555555556,0.0,0.24444444444444444,0.0,0.0,0.0,0.0
2019-11-16,0.0,0.0,0.0,0.0,0.0,0.17894736842105263,0.09473684210526316,0.11578947368421053,0.14736842105263157,0.0,0.0,0.0,0.07368421052631578,0.0,0.0,0.0,0.0,0.45263157894736844,0.23157894736842105,0.05263157894736842,0.14736842105263157,0.0,0.28421052631578947,0.0,0.0,0.0,0.0
2019-11-23,0.0,0.0,0.0,0.0,0.0,0.1836734693877551,0.10204081632653061,0.12244897959183673,0.14285714285714285,0.0,0.0,0.0,0.07142857142857142,0.0,0.0,0.0,0.0,0.46938775510204084,0.25510204081632654,0.05102040816326531,0.14285714285714285,0.0,0.2653061224489796,0.0,0.0,0.0,0.0
2019-11-30,0.0,0.0,0.0,0.0,0.0,0.1717171717171717,0.08080808080808081,0.10101010101010101,0.15151515151515152,0.0,0.0,0.0,0.0707070707070707,0.0,0.0,0.0,0.0,0.48484848484848486,0.25252525252525254,0.050505050505050504,0.13131313131313133,0.0,0.26262626262626265,0.0,0.0,0.0,0.020202020202020204
2019-12-07,0.0,0.0,0.0,0.0,0.0,0.16842105263157894,0.08421052631578947,0.11578947368421053,0.14736842105263157,0.0,0.0,0.0,0.05263157894736842,0.0,0.0,0.0,0.0,0.47368421052631576,0.2631578947368421,0.042105263157894736,0.11578947368421053,0.0,0.2736842105263158,0.0,0.0,0.0,0.031578947368421054
2019-12-14,0.07766990291262135,0.0,0.038834951456310676,0.0,0.0,0.13592233009708737,0.06796116504854369,0.08737864077669903,0.1262135922330097,0.0,0.0,0.0,0.04854368932038835,0.0,0.019417475728155338,0.0,0.019417475728155338,0.42718446601941745,0.21359223300970873,0.038834951456310676,0.0970873786407767,0.0,0.24271844660194175,0.0,0.0,0.0,0.019417475728155338
2019-12-21,0.15,0.0,0.07,0.0,0.0,0.14,0.07,0.09,0.14,0.0,0.0,0.0,0.04,0.0,0.03,0.02,0.02,0.39,0.19,0.05,0.1,0.0,0.21,0.0,0.0,0.0,0.02
2019-12-28,0.14423076923076922,0.0,0.0673076923076923,0.0,0.0,0.11538461538461539,0.04807692307692308,0.0673076923076923,0.16346153846153846,0.0,0.0,0.0,0.038461538461538464,0.0,0.028846153846153848,0.019230769230769232,0.019230769230769232,0.40384615384615385,0.18269230769230768,0.04807692307692308,0.125,0.0,0.2403846153846154,0.0,0.0,0.0,0.019230769230769232
